msec,Exper,T5Diamond,T5DiamondMask,T5DiamondPseudo,T5Mask,T5Pseudomask,T5Square,T5SquareMask,T5SquarePseudomask,OzDiamond,OzDiamondMask,OzDiamondPseudo,OzMask,OzPseudomask,OzSquare,OzSquareMask,OzSquarePseudo,T5Mask_T5SquareMask,T5Pseudomask_T5SquarePseudomask,T5Mask_T5DiamondMask,T5Pseudomask_T5DiamondPseudo,OzMask_OzSquareMask,OzPseudomask_OzSquarePseudo,OzMask_OzDiamondMask,OzPseudomask_OzDiamondPseudo
0,1,-.269433,-.235111,-.118312,.0158516,-.128185,-.0282977,.0878687,-.307352,.215091,-.196394,-.261597,-.0176467,-.00181507,.0219434,-.15616,-.187437,-.0720171,.179167,.2509626,-.00987299999999999,.1385133,.18562193,.1787473,.25978193
5,1,-.246599,-.219826,-.101418,.0312411,-.111831,-.0525671,.0402987,-.279838,.182615,-.177052,-.255378,-.00211669,.0325437,.0197474,-.15675,-.151104,-.0090576,.168007,.2510671,-.010413,.15463331,.1836477,.17493531,.2879217
10,1,-.219963,-.205305,-.0798237,.0411499,-.0940345,-.076474,-.0116104,-.249056,.14608,-.158503,-.246432,.00889367,.0686818,.0176551,-.159915,-.111634,.0527603,.1550215,.2464549,-.0142108,.16880867,.1803158,.16739667,.3151138
15,1,-.189869,-.191961,-.0541075,.0447233,-.0760116,-.0982353,-.0654948,-.216291,.107035,-.141587,-.234084,.0140948,.104168,.0162857,-.165492,-.0719742,.1102181,.1402794,.2366843,-.0219041,.1795868,.1761422,.1556818,.338252
20,1,-.156837,-.179906,-.0252274,.0416915,-.0590285,-.116139,-.118549,-.183048,.0673343,-.126933,-.217695,.0127054,.13604,.0162828,-.1729,-.0355546,.1602405,.1240195,.2215975,-.0338011,.1856054,.1715946,.1396384,.353735
25,1,-.121595,-.168925,.00551716,.03244,-.0442081,-.128766,-.167711,-.15091,.0289861,-.114892,-.19675,.00466988,.161116,.0182093,-.181123,-.0058345,.200151,.1067019,.201365,-.04972526,.18579288,.1669505,.11956188,.357866
30,1,-.0850959,-.158489,.0365607,.0180142,-.0323791,-.135172,-.209899,-.121381,-.00600837,-.105488,-.17096,-.00919606,.176433,.0224458,-.188765,.01421,.2279132,.0890019,.1765032,-.0689398,.17956894,.162223,.09629194,.347393
35,1,-.0485206,-.147833,.0661789,4.47297E-005,-.0239871,-.134998,-.242254,-.0957163,-.0358313,-.0984168,-.140347,-.0272027,.179749,.0290964,-.194137,.0225709,.2422987297,.0717292,.1478777297,-.090166,.1669343,.1571781,.0712141,.320096
40,1,-.0132433,-.136075,.0926105,-.0194038,-.0190992,-.128505,-.262404,-.0747802,-.059014,-.0930847,-.105324,-.0469311,.169981,.0379122,-.195416,.0185512,.2430002,.055681,.1166712,-.1117097,.1484849,.1514298,.0461536,.275305
45,1,.0192471,-.122355,.114194,-.038045,-.0174573,-.116513,-.268681,-.0589331,-.0745789,-.0886815,-.0667349,-.0655208,.147518,.0482591,-.190832,.00292906,.230636,.0414758,.08431,-.1316513,.1253112,.14458894,.0231607,.2142529
50,1,.0474848,-.105976,.1295,-.0536192,-.0185535,-.100267,-.260304,-.0479698,-.0821331,-.0842736,-.0258531,-.0800669,.114274,.0591406,-.178868,-.0221158,.2066848,.0294163,.0523568,-.1480535,.0988011,.1363898,.00420669999999999,.1401271
55,1,.0701866,-.086502,.137454,-.0641564,-.0216936,-.0812542,-.237479,-.0411237,-.0819109,-.0789147,.0156638,-.0880598,.0734998,.0692696,-.158468,-.0532895,.1733226,.0194301,.0223456,-.1591476,.0704082,.1267893,-.0091451,.057836
60,1,.0864157,-.0638398,.137429,-.0682191,-.0260495,-.0610134,-.201424,-.0371408,-.0747604,-.071758,.0558743,-.0877852,.0293437,.0771891,-.129218,-.086626,.1332049,.0110913,-.00437929999999999,-.1634785,.0414328,.1159697,-.0160272,-.0265306
65,1,.0957299,-.0382418,.129315,-.0650899,-.0306441,-.0409467,-.154294,-.0344156,-.0620641,-.0621435,.0927026,-.0786064,-.0137093,.0814389,-.0914628,-.118001,.0892041,.0037715,-.0268481,-.1599591,.0128564,.1042917,-.0164629,-.1064119
70,1,.0982716,-.010278,.113547,-.0548808,-.0344014,-.0221731,-.0990269,-.0311746,-.045607,-.0496611,.124121,-.0610863,-.0515036,.0807418,-.0463677,-.143626,.0441461,-.0032268,-.0446028,-.1479484,-.0147186,.0921224,-.0114252,-.1756246
75,1,.0947708,.01922,.0910906,-.0385497,-.0362324,-.00543384,-.0391114,-.0256939,-.0274106,-.0341829,.148347,-.036939,-.0807968,.0741853,.0041082,-.160451,.000561700000000005,-.0105385,-.0577697,-.127323,-.0410472,.0796542,-.0027561,-.2291438
80,1,.086476,.0492442,.0633894,-.0178104,-.035166,.00895593,.0216932,-.0165196,-.00953689,-.0158525,.16404,-.00879065,-.0996714,.0613839,.0573194,-.166411,-.0395036,-.0186464,-.0670546,-.0985554,-.06611005,.0667396,.00706185,-.2637114
85,1,.0750178,.0786881,.0322755,.00505174,-.0305414,.0211012,.0796649,-.00266083,.00611392,.00496221,.170465,.020179,-.107773,.042593,.110122,-.160517,-.07461316,-.02788057,-.07363636,-.0628169,-.089943,.052744,.01521679,-.278238
90,1,.0622111,.106415,-.000152581,.0274429,-.0221976,.0314602,.131418,.016262,.0179823,.0277303,.167603,.0466813,-.106306,.0187476,.159123,-.142798,-.1039751,-.0384596,-.0789721,-.022045019,-.1124417,.036492,.018951,-.273909
95,1,.0498575,.131309,-.0316738,.0467683,-.0105365,.0407437,.17417,.0399425,.0249946,.0518387,.156197,.0677281,-.0977026,-.00857471,.200973,-.114144,-.1274017,-.050479,-.0845407,.0211373,-.1332449,.0164414,.0158894,-.2538996
100,1,.0395558,.152327,-.0600997,.0607564,.00351069,.0497739,.205948,.0674016,.0266616,.0766749,.137714,.0810321,-.0852148,-.0372683,.232674,-.0760978,-.1451916,-.06389091,-.0915706,.06361039,-.1516419,-.00911699999999999,.00435720000000001,-.2229288
105,1,.0325623,.168551,-.0834319,.0677518,.0186793,.0593278,.225716,.097082,.0231125,.101697,.114241,.0852801,-.0723564,-.0648889,.251866,-.0306379,-.1579642,-.0784027,-.1007992,.1021112,-.1665859,-.0417185,-.0164169,-.1865974
110,1,.0297073,.179249,-.100011,.0669413,.0337435,.0699715,.23341,.127019,.0150627,.126487,.0882915,.0802822,-.0622966,-.0888961,.257069,.0199943,-.1664687,-.0932755,-.1123077,.1337545,-.1767868,-.0822909,-.0462048,-.1505881
115,1,.0313683,.183955,-.108639,.0584859,.0479018,.0819334,.229883,.155074,.00372748,.150779,.0625785,.0669921,-.0573473,-.106915,.247852,.0734643,-.1713971,-.1071722,-.1254691,.1565408,-.1808599,-.1308116,-.0837869,-.1199258
120,1,.0374866,.182556,-.108674,.0435354,.0610464,.095033,.216766,.179197,-.00932295,.174465,.0397526,.0473996,-.0586852,-.116996,.224913,.127458,-.1732306,-.1181506,-.1390206,.1697204,-.1775134,-.1861432,-.1270654,-.0984378
125,1,.0476108,.175367,-.100085,.0241203,.0738979,.108692,.196273,.197682,-.0223463,.197567,.0221464,.0243034,-.0662482,-.117842,.190056,.179788,-.1721527,-.1237841,-.1512467,.1739829,-.1657526,-.2460362,-.1732636,-.0883946
130,1,.0609519,.163193,-.0834538,.00293203,.0878944,.122033,.170957,.209387,-.0336255,.220204,.0115557,.00101075,-.0788522,-.108959,.146068,.228496,-.16802497,-.1214926,-.16026097,.1713482,-.14505725,-.3073482,-.21919325,-.0904079
135,1,.0764463,.147333,-.0599357,-.0169772,.104829,.134054,.143459,.213894,-.0416623,.242547,.00908931,-.0190158,-.0945292,-.0907361,.0965134,.271983,-.1604362,-.109065,-.1643102,.1647647,-.1155292,-.3665122,-.2615628,-.10361851
140,1,.0928373,.129532,-.0311679,-.0325532,.12641,.143855,.116275,.211572,-.04535,.264773,.0150875,-.0325375,-.110909,-.0644178,.0454479,.309118,-.1488282,-.085162,-.1620852,.1575779,-.0779854,-.420027,-.2973105,-.1259965
145,1,.108753,.111845,.000861749,-.0411076,.153791,.15087,.091545,.203555,-.0441052,.287029,.029135,-.0369192,-.125644,-.0319956,-.0029071,.339353,-.1326526,-.049764,-.1529526,.152929251,-.0340121,-.464997,-.3239482,-.154779
150,1,.122818,.0964569,.0339809,-.0406428,.187215,.155065,.0709092,.19162,-.0379357,.309417,.0501642,-.0304461,-.136749,.00398565,-.0445063,.3628,-.111552,-.00440500000000002,-.1370997,.1532341,.0140602,-.499549,-.3398631,-.1869132
155,1,.13379,.0854631,.0660129,-.0301104,.225909,.157048,.0554227,.177983,-.0274494,.331988,.0766263,-.0125713,-.142844,.0406792,-.0758097,.380246,-.0855331,.047926,-.1155735,.1598961,.0632384,-.52309,-.3445593,-.2194703
160,1,.140688,.080628,.0949577,-.00955909,.268205,.158039,.0455325,.165038,-.0137983,.354738,.10671,.0159479,-.143214,.07521,-.09407,.393083,-.05509159,.103167,-.09018709,.1732473,.1100179,-.536297,-.3387901,-.249924
165,1,.14293,.0831783,.11916,.0198463,.311886,.159734,.0411215,.15508,.00144354,.377634,.138584,.0530679,-.137711,.104952,-.0975444,.403181,-.0212752,.156806,-.063332,.192726,.1506123,-.540892,-.3245661,-.276295
170,1,.140419,.0936563,.137446,.0559338,.354629,.164039,.0415998,.15004,.016448,.400635,.170625,.0956069,-.12659,.127769,-.0856203,.412673,.014334,.204589,-.0377225,.217183,.1812272,-.539263,-.3050281,-.297215
175,1,.133578,.11184,.149213,.0957466,.394421,.172727,.0460242,.151257,.0293278,.423708,.201592,.139527,-.110372,.142193,-.0588503,.423718,.0497224,.243164,-.0160934,.245208,.1983773,-.53409,-.284181,-.311964
180,1,.123302,.136757,.154457,.13586,.429799,.187099,.0532331,.159336,.0383412,.446839,.230739,.180345,-.0897546,.147528,-.0188871,.438254,.0826269,.270463,-.000896999999999981,.275342,.1992321,-.5280086,-.266494,-.3204936
185,1,.110845,.166758,.153753,.17275,.459912,.20769,.0619833,.174085,.0420846,.470037,.257841,.213616,-.065636,.14388,.0316726,.457799,.1107667,.285827,.005992,.306159,.1819434,-.523435,-.256421,-.323477
190,1,.0976374,.19967,.148158,.203173,.484381,.23409,.0710653,.194547,.0396493,.493316,.283137,.235428,-.0391998,.132093,.0895128,.483297,.1321077,.289834,.00350299999999998,.336223,.1459152,-.5224968,-.257888,-.3223368
195,1,.0850617,.232981,.139085,.224507,.503085,.264936,.0793982,.219128,.0307273,.516673,.3072,.242865,-.011961,.113632,.150879,.515051,.1451088,.283957,-.00847399999999998,.364,.091986,-.527012,-.273808,-.319161
200,1,.074246,.264078,.12813,.235029,.515909,.298066,.0860963,.245793,.015663,.540063,.330756,.234365,.0141832,.0904208,.211891,.552719,.1489327,.270116,-.029049,.387779,.022474,-.5385358,-.305698,-.3165728
205,1,.0658854,.290505,.116885,.23408,.522613,.330816,.0905055,.272309,-.00456796,.563371,.354479,.209919,.0370632,.0646387,.26885,.595377,.1435745,.250304,-.056425,.405728,-.058931,-.5583138,-.353452,-.3174158
210,1,.0601362,.310212,.106757,.222107,.522825,.36041,.0922158,.296499,-.0284483,.58639,.378778,.171066,.054423,.0385228,.318519,.641625,.1298912,.226326,-.088105,.416068,-.147453,-.587202,-.415324,-.324355
215,1,.0565906,.321794,.0988062,.200589,.516212,.384398,.0910503,.316474,-.0540544,.608809,.403637,.120722,.0642995,.0141826,.358347,.689666,.1095387,.199738,-.121205,.4174058,-.237625,-.6253665,-.488087,-.3393375
220,1,.054348,.324675,.0936309,.171856,.502742,.40102,.0870431,.330835,-.0792375,.63022,.428517,.062843,.065414,-.00655527,.386638,.737485,.0848129,.171907,-.152819,.4091111,-.323795,-.672071,-.567377,-.363103
225,1,.0521465,.319213,.0913107,.138803,.482992,.409475,.0804129,.338789,-.101837,.650135,.452347,.00195398,.0575339,-.0222724,.402625,.782952,.0583901,.144203,-.18041,.3916813,-.40067102,-.7254181,-.64818102,-.3948131
230,1,.0485585,.306718,.0914165,.104563,.458318,.41003,.0715391,.340211,-.119891,.668028,.473601,-.0573248,.0416544,-.0320318,.406475,.823951,.0330239,.118107,-.202155,.3669015,-.4637998,-.7822966,-.7253528,-.4319466
235,1,.0422123,.289326,.0930889,.0721728,.430973,.403968,.0609479,.33561,-.131821,.683383,.490468,-.110766,.0200469,-.0354149,.399233,.858515,.0112249,.0953630000000001,-.2171532,.3378841,-.509999,-.8384681,-.794149,-.4704211
240,1,.0320004,.269775,.0951649,.0442521,.403944,.393383,.049295,.326029,-.136605,.695733,.501065,-.154912,-.00400934,-.0325377,.382665,.884946,-.00504290000000001,.077915,-.2255229,.3087791,-.537577,-.88895534,-.850645,-.50507434
245,1,.0172576,.251058,.096336,.0227491,.380601,.380867,.0373473,.312887,-.133891,.704704,.503697,-.187352,-.0266878,-.0240382,.35907,.901957,-.0145982,.0677139999999999,-.2283089,.284265,-.546422,-.9286448,-.892056,-.5303848
250,1,-.00210438,.236047,.0953328,.00877671,.364189,.369148,.0259635,.297793,-.124052,.71004,.497106,-.206849,-.0442243,-.0110343,.331051,.908795,-.01718679,.066396,-.22727029,.2688562,-.5379,-.9530193,-.916889,-.5413303
255,1,-.0255303,.227117,.091104,.00254458,.357272,.360726,.0160663,.282347,-.108189,.711615,.4807,-.21336,-.053608,.00492395,.301286,.905343,-.01352172,.0749250000000001,-.22457242,.266168,-.514646,-.958951,-.924975,-.534308
260,1,-.051831,.225824,.0829663,.00340207,.361213,.357546,.00860678,.267959,-.0880641,.709421,.454695,-.207938,-.0532133,.0219145,.272297,.892154,-.00520471,.093254,-.22242193,.2782467,-.480235,-.9453673,-.917359,-.5079083
265,1,-.0792556,.232714,.0707197,.00998496,.375892,.360791,.00452534,.255707,-.065978,.70355,.420183,-.192577,-.0431929,.0377304,.246271,.870429,.00545962,.120185,-.22272904,.3051723,-.438848,-.9136219,-.896127,-.4633759
270,1,-.105625,.247264,.0546991,.0204412,.399663,.37076,.00470199,.24625,-.0445904,.694159,.379092,-.170028,-.0256088,.0499807,.224918,.841918,.01573921,.153413,-.2268228,.3449639,-.394946,-.8675268,-.864187,-.4047008
275,1,-.128528,.267966,.0357507,.0327055,.429554,.386863,.00989193,.239789,-.0267182,.68142,.334032,-.14363,-.00427533,.0562022,.20937,.808727,.02281357,.189765,-.2352605,.3938033,-.353,-.81300233,-.82505,-.33830733
280,1,-.145539,.292541,.015156,.0447979,.461752,.407745,.0206669,.236103,-.0151041,.665488,.28806,-.1171,.0157262,.0540086,.200158,.773092,.024131,.225649,-.2477431,.446596,-.317258,-.7573658,-.782588,-.2723338
285,1,-.154418,.318241,-.00548584,.0551128,.492223,.431492,.0373666,.234635,-.0121729,.646485,.244404,-.0943175,.0287659,.0412551,.197235,.737144,.0177462,.257588,-.2631282,.49770884,-.2915525,-.7083781,-.7408025,-.2156381
290,1,-.153309,.3422,-.0244105,.0626601,.517313,.455907,.0600648,.234626,-.0198104,.624502,.206143,-.0790647,.0294431,.0162166,.200067,.702666,.0025953,.282687,-.2795399,.5417235,-.2791317,-.6732229,-.7035667,-.1766999
295,1,-.140885,.361772,-.0398462,.0672421,.534287,.478829,.088564,.235258,-.0391715,.599633,.175922,-.0746789,.0133504,-.0222259,.207758,.670933,-.0213219,.299029,-.2945299,.5741332,-.2824369,-.6575826,-.6743119,-.1625716
300,1,-.116422,.374856,-.0501632,.0695489,.541681,.498461,.122419,.235833,-.070519,.57204,.155712,-.0836589,-.0222517,-.0744033,.219215,.64265,-.0528701,.305848,-.3053071,.5918442,-.3028739,-.6649017,-.6556989,-.1779637
305,1,-.0798349,.380141,-.053994,.0711514,.539431,.513646,.16098,.235916,-.113132,.54204,.146653,-.107252,-.0780385,-.139712,.233318,.618006,-.0898286,.303515,-.3089896,.593425,-.34057,-.6960445,-.649292,-.2246915
310,1,-.0316499,.377269,-.0503221,.0743948,.528804,.524059,.203456,.235452,-.165286,.510197,.148997,-.145097,-.15246,-.216517,.249075,.596817,-.1290612,.293352,-.3028742,.5791261,-.394172,-.749277,-.655294,-.301457
315,1,.0270615,.366915,-.0385137,.0822003,.512233,.530314,.248998,.23485,-.224289,.477422,.16216,-.195031,-.241816,-.302108,.265771,.578777,-.1667977,.277383,-.2847147,.5507467,-.460802,-.820593,-.672453,-.403976
320,1,.0947717,.35076,-.0183068,.0977946,.493019,.533921,.296783,.234996,-.286614,.445041,.184876,-.253102,-.340545,-.392747,.283083,.563728,-.1989884,.258023,-.2529654,.5113258,-.536185,-.904273,-.698143,-.525421
325,1,.169581,.331355,.0102246,.124377,.474996,.537116,.346088,.237206,-.3481,.414818,.215409,-.313863,-.441729,-.483811,.301119,.551914,-.221711,.23779,-.206978,.4647714,-.614982,-.993643,-.728681,-.657138
330,1,.249306,.311909,.0467352,.164766,.462258,.542586,.396339,.243115,-.404223,.388932,.251821,-.3709,-.537629,-.570024,.320428,.54417,-.231573,.219143,-.147143,.4155228,-.691328,-1.081799,-.759832,-.78945
335,1,.331577,.295975,.0906771,.221053,.458853,.553126,.447138,.254524,-.450413,.369885,.29225,-.417538,-.620342,-.645783,.341943,.542002,-.226085,.204329,-.074922,.3681759,-.759481,-1.162344,-.787423,-.912592
340,1,.413912,.287064,.14135,.294283,.468477,.57126,.498234,.273187,-.48242,.360324,.335139,-.447626,-.682465,-.705553,.366865,.547509,-.203951,.19529,.00721900000000003,.327127,-.814491,-1.229974,-.80795,-1.017604
345,1,.493815,.288211,.197922,.384197,.494122,.598905,.549467,.300583,-.49667,.362805,.379401,-.456268,-.717797,-.744317,.396507,.563165,-.16527,.193539,.095986,.2962,-.852775,-1.280962,-.819073,-1.097198
350,1,.568888,.301563,.259418,.489082,.537675,.637109,.600678,.33768,-.4906,.379517,.424503,-.440375,-.721991,-.758014,.432107,.591491,-.111596,.199995,.187519,.278257,-.872482,-1.313482,-.819892,-1.146494
355,1,.63693,.328002,.324672,.605713,.599543,.68589,.651585,.384721,-.462939,.411973,.47043,-.398972,-.693078,-.74397,.474628,.634641,-.045872,.214822,.277711,.274871,-.8736,-1.327719,-.810945,-1.163508
360,1,.696028,.3669,.392247,.729426,.678318,.744168,.701648,.441042,-.413913,.460718,.517558,-.333236,-.631872,-.701251,.524549,.693978,.027778,.237276,.362526,.286071,-.857785,-1.32585,-.793954,-1.14943
365,1,.744623,.416025,.460354,.854328,.770679,.809816,.749948,.504956,-.34533,.525091,.566451,-.246284,-.541983,-.630887,.581701,.769711,.10438,.265723,.438303,.310325,-.827985,-1.311694,-.771375,-1.108434
370,1,.78153,.471638,.526774,.973625,.871423,.879765,.795094,.573722,-.260534,.603071,.617607,-.142798,-.429635,-.535963,.645149,.860611,.178531,.297701,.501987,.344649,-.787947,-1.290246,-.745869,-1.047242
375,1,.805892,.528784,.588815,1.08007,.973783,.950163,.835176,.6436,-.164241,.691241,.671189,-.0285806,-.303096,-.421533,.713128,.963866,.244894,.330183,.551286,.384968,-.7417086,-1.266962,-.7198216,-.974285
380,1,.817112,.581745,.643339,1.16646,1.06991,1.01657,.867788,.710018,-.0622269,.784902,.726791,.0898936,-.171885,-.294353,.783071,1.07515,.298672,.359892,.584715,.426571,-.6931774,-1.247035,-.6950084,-.898676
385,1,.814759,.624623,.68686,1.22625,1.15155,1.07423,.890138,.767838,.0391086,.878354,.783284,.205911,-.0458351,-.162427,.851727,1.18879,.336112,.383712,.601627,.46469,-.645816,-1.2346251,-.672443,-.8291191
390,1,.7985,.65195,.715724,1.25406,1.21083,1.1183,.899224,.811701,.133241,.965312,.838746,.312909,.0659153,-.034421,.915345,1.29811,.354836,.399129,.60211,.495106,-.602436,-1.2321947,-.652403,-.7728307
395,1,.768074,.659268,.726374,1.24623,1.24102,1.14423,.892087,.836442,.214075,1.03944,.890522,.404865,.155824,.0810295,.969941,1.39589,.354143,.404578,.586962,.514646,-.565076,-1.240066,-.634575,-.734698
400,1,.723376,.643605,.715683,1.20119,1.2373,1.14817,.866129,.837546,.276502,1.09496,.93541,.476724,.218652,.176076,1.01163,1.47493,.335061,.399754,.557585,.521617,-.534906,-1.256278,-.618236,-.716758
405,1,.664613,.603815,.681326,1.11981,1.19737,1.12732,.819449,.811608,.316892,1.12729,.969941,.524808,.251866,.244375,1.03694,1.52864,.300361,.385762,.515995,.516044,-.512132,-1.276774,-.602482,-.718075
410,1,.592535,.540742,.622145,1.00543,1.12182,1.08042,.751176,.75674,.333469,1.13356,.990735,.547205,.25573,.281719,1.04321,1.5516,.254254,.36508,.464688,.499675,-.496005,-1.29587,-.586355,-.735005
415,1,.508709,.457217,.538476,.863803,1.01439,1.00803,.66176,.672913,.326557,1.11311,.994901,.544078,.233171,.286511,1.0288,1.54013,.202043,.341477,.406586,.475914,-.484722,-1.306959,-.569032,-.76173
420,1,.415772,.357898,.432385,.702793,.881877,.912811,.553181,.562176,.298637,1.06768,.980418,.517816,.189414,.260025,.993387,1.49267,.149612,.319701,.344895,.449492,-.475571,-1.303256,-.549864,-.791004
425,1,.317573,.24898,.307766,.53187,.733781,.799499,.42904,.428714,.2542,1.00144,.946442,.472959,.13151,.206385,.938037,1.40998,.10283,.305067,.28289,.426015,-.465078,-1.27847,-.528481,-.814932
430,1,.219168,.137803,.170287,.361486,.581657,.674738,.294512,.278745,.199418,.920747,.893514,.415906,.0677212,.132295,.865217,1.29527,.066974,.302912,.223683,.41137,-.449311,-1.2275488,-.504841,-.8257928
435,1,.126617,.03238,.0271692,.20233,.438167,.546664,.156156,.12025,.141647,.833627,.82364,.354386,.006857,.0465013,.778657,1.15395,.046174,.317917,.16995,.4109978,-.424271,-1.147093,-.479241,-.816783
440,1,.0465767,-.0591236,-.113209,.0645329,.315883,.424299,.0215654,-.0374837,.0887957,.7491,.740196,.296745,-.0424834,-.0409774,.683091,.993382,.0429675,.3533667,.1236565,.429092,-.386346,-1.0358654,-.452355,-.7826794
445,1,-.0142772,-.128948,-.241844,-.0430989,.225994,.316841,-.101104,-.184442,.0486242,.6763,.647712,.251138,-.0726079,-.119766,.583892,.822346,.0580051,.410436,.0858491,.467838,-.332754,-.8949539,-.425162,-.7203199
450,1,-.0499107,-.170286,-.349748,-.113746,.177051,.232907,-.203697,-.310564,.0280422,.623582,.551517,.224738,-.0774502,-.180109,.486652,.650484,.089951,.487615,.05654,.526799,-.261914,-.7279342,-.398844,-.6289672
455,1,-.0555968,-.177782,-.428628,-.143096,.174013,.17982,-.278668,-.406472,.0324651,.597645,.457302,.22304,-.0531321,-.213822,.396724,.487665,.135572,.580485,.034686,.602641,-.173684,-.5407971,-.374605,-.5104341
460,1,-.0284875,-.147953,-.471566,-.129651,.217602,.162982,-.319694,-.464189,.0652862,.602804,.370627,.249327,.00158284,-.215123,.318789,.3433,.190043,.681791,.018302,.689168,-.069462,-.34171716,-.353477,-.36904416
465,1,.0320104,-.0794747,-.473599,-.074804,.304297,.185427,-.322205,-.477779,.127536,.640494,.296465,.304378,.0851107,-.181215,.256495,.225676,.247401,.782076,.00467070000000001,.777896,.047883,-.1405653,-.336116,-.2113543
470,1,.124109,.0266943,-.432174,.0173382,.426794,.24755,-.283807,-.443856,.21775,.709067,.238803,.386402,.193123,-.112596,.212213,.141314,.3011452,.87065,-.0093561,.858968,.174189,.051809,-.322665,-.04568
475,1,.243766,.167339,-.347414,.140339,.574954,.347037,-.204537,-.361912,.332056,.803906,.200346,.491196,.318884,-.0130324,.18692,.0944198,.344876,.936866,-.027,.922368,.304276,.2244642,-.31271,.118538
480,1,.385056,.33721,-.222169,.286017,.737042,.479017,-.086934,-.234436,.464494,.917866,.182362,.612554,.453821,.110806,.180241,.0864854,.372951,.971478,-.051193,.959211,.432313,.3673356,-.305312,.271459
485,1,.540751,.52937,-.0618492,.445153,.901108,.63641,.064112,-.0667977,.607526,1.042,.184682,.742842,.588318,.250014,.190638,.116128,.381041,.9679057,-.084217,.9629572,.552204,.47219,-.299158,.403636
490,1,.702966,.735649,.12595,.608252,1.05628,.810459,.241684,.133083,.752682,1.16645,.205823,.873705,.712597,.394331,.215712,.179167,.366568,.923197,-.127397,.93033,.657993,.53343,-.292745,.506774
495,1,.863834,.947154,.33199,.766289,1.19373,.991408,.437334,.355263,.891281,1.28148,.243251,.996839,.817636,.533169,.252582,.269017,.328955,.838467,-.180865,.86174,.744257,.548619,-.284641,.574385
500,1,1.01611,1.15478,.546051,.911373,1.30731,1.16928,.641704,.588458,1.01518,1.37846,.293704,1.10476,.896072,.656655,.298298,.377349,.269669,.718852,-.243407,.761259,.806462,.518723,-.2737,.602368
505,1,1.15362,1.3497,.757652,1.03725,1.39377,1.33467,.845195,.820823,1.11742,1.4507,.353557,1.19145,.942908,.756584,.350211,.494982,.192055,.572947,-.31245,.636118,.841239,.447926,-.25925,.589351
510,1,1.27158,1.52381,.956754,1.13964,1.45254,1.4795,1.03863,1.04075,1.19281,1.49409,.419159,1.25288,.956042,.827168,.406259,.612849,.10101,.41179,-.38417,.495786,.846621,.343193,-.24121,.536883
515,1,1.36666,1.67008,1.13439,1.21631,1.4853,1.59761,1.21385,1.23764,1.23824,1.50742,.487131,1.28727,.936494,.865513,.465126,.722933,.00245999999999991,.24766,-.45377,.35091,.822144,.213561,-.22015,.449363
520,1,1.43705,1.78287,1.28318,1.267,1.49541,1.68514,1.36421,1.40258,1.25289,1.49234,.554557,1.29507,.888224,.871767,.526254,.819008,-.09721,.09283,-.51587,.21223,.768816,.0692159999999998,-.19727,.333667
525,1,1.48224,1.85815,1.39769,1.29314,1.4871,1.74065,1.48484,1.52881,1.23813,1.45305,.619076,1.27879,.817596,.848924,.589681,.897057,-.1917,-.0417099999999999,-.56501,.08941,.689109,-.0794610000000001,-.17426,.19852
530,1,1.50285,1.89366,1.4746,1.29747,1.46493,1.76498,1.57285,1.61207,1.19726,1.39562,.678874,1.24247,.732541,.802345,.655766,.955368,-.27538,-.14714,-.59619,-.00967000000000007,.586704,-.222827,-.15315,.053667
535,1,1.50043,1.88899,1.51269,1.2835,1.43317,1.76087,1.62725,1.65073,1.13512,1.32728,.732599,1.19117,.641544,.739042,.724832,.994305,-.34375,-.21756,-.60549,-.0795200000000003,.466338,-.352761,-.13611,-.091055
540,1,1.47716,1.84557,1.51274,1.2551,1.39551,1.73244,1.64875,1.64564,1.05746,1.25541,.779209,1.13023,.552559,.666818,.796776,1.01583,-.39365,-.25013,-.59047,-.11723,.333454,-.463271,-.12518,-.22665
545,1,1.4357,1.76654,1.47722,1.21601,1.35484,1.68455,1.63944,1.59994,.97039,1.18677,.817821,1.06471,.472111,.59338,.870722,1.02291,-.42343,-.2451,-.55053,-.12238,.193988,-.550799,-.12206,-.34571
550,1,1.379,1.65653,1.41,1.16952,1.31318,1.62224,1.60245,1.51859,.879784,1.12676,.847598,.998875,.404658,.525537,.944798,1.01892,-.43293,-.20541,-.48701,-.0968199999999999,.0540769999999999,-.614262,-.127885,-.44294
555,1,1.31012,1.52135,1.31594,1.11826,1.27182,1.55018,1.54149,1.4079,.790739,1.07891,.867686,.935842,.352315,.468553,1.01605,1.00713,-.42323,-.13608,-.40309,-.0441199999999997,-.080208,-.654815,-.143068,-.515371
560,1,1.23217,1.36757,1.20058,1.06414,1.23146,1.47241,1.4605,1.27503,.707185,1.04469,.877246,.877482,.315046,.425744,1.08058,.990309,-.39636,-.0435699999999999,-.30343,.03088,-.203098,-.675263,-.167208,-.5622
565,1,1.14816,1.20208,1.06976,1.00845,1.1924,1.39214,1.36339,1.12739,.631652,1.02359,.875582,.824508,.291122,.398347,1.13381,.970581,-.35494,.0650100000000002,-.19363,.12264,-.309302,-.679459,-.199082,-.58446
570,1,1.06092,1.03172,.929442,.951974,1.15482,1.31175,1.25381,.972292,.565203,1.01352,.862341,.776716,.27785,.38565,1.17102,.949378,-.301836,.182528,-.0797459999999999,.225378,-.394304,-.671528,-.236804,-.584491
575,1,.973056,.862866,.785449,.895313,1.11888,1.23296,1.1351,.81649,.507541,1.01134,.837748,.733356,.272311,.385341,1.18793,.927552,-.239787,.30239,.032447,.333431,-.454574,-.655241,-.277984,-.565437
580,1,.886861,.701217,.643363,.839088,1.08494,1.157,1.01029,.665977,.457253,1.01355,.802844,.693544,.271964,.394026,1.18132,.905578,-.171202,.418963,.137871,.441577,-.487776,-.633614,-.320006,-.53088
585,1,.804279,.551621,.508415,.784193,1.05361,1.08483,.882207,.525821,.412169,1.01706,.759684,.656658,.275045,.407836,1.14959,.883781,-.0980139999999999,.527789,.232572,.545195,-.492932,-.608736,-.360402,-.484639
590,1,.726893,.418043,.385408,.731943,1.02574,1.0173,.75364,.400117,.369774,1.0197,.711416,.622626,.280665,.423006,1.09325,.862619,-.0216970000000001,.625623,.3139,.640332,-.470624,-.581954,-.397074,-.430751
595,1,.655922,.303598,.278636,.684119,1.00244,.955254,.627454,.292011,.327612,1.02072,.662233,.592078,.288684,.436384,1.01512,.842896,.0566649999999999,.710429,.380521,.723804,-.423042,-.554212,-.428642,-.373549
600,1,.592263,.210644,.191797,.642916,.985021,.899524,.50671,.203784,.283662,1.02096,.617177,.566343,.299456,.445781,.920308,.82592,.136206,.781237,.432272,.793224,-.353965,-.526464,-.454617,-.317721
605,1,.536545,.140869,.127869,.610756,.974913,.85088,.394702,.136947,.236605,1.02274,.581762,.547255,.313506,.450136,.815905,.813568,.216054,.837966,.469887,.847044,-.26865,-.500062,-.475485,-.268256
610,1,.489183,.0953429,.0889634,.590027,.973569,.8099,.2949,.0923314,.185969,1.02954,.561473,.536826,.331175,.449474,.710405,.808222,.295127,.8812376,.4946841,.8846056,-.173579,-.477047,-.492714,-.230298
615,1,.450437,.0745303,.0761778,.582777,.982332,.776865,.210803,.0701631,.132152,1.04545,.561198,.536829,.352461,.444703,.61293,.812536,.371974,.9121689,.5082467,.9061542,-.076101,-.460075,-.508621,-.208737
620,1,.420441,.0782554,.0894638,.5904,1.00225,.751684,.14571,.0701038,.0763233,1.0745,.584641,.548371,.3769,.437286,.532338,.82916,.44469,.9321462,.5121446,.9127862,.0160330000000001,-.45226,-.526129,-.207741
625,1,.399184,.105632,.127537,.613372,1.03388,.733864,.102445,.0912635,.0202117,1.11996,.633801,.571505,.403615,.428834,.476298,.860315,.510927,.9426165,.50774,.906343,.095207,-.4567,-.548455,-.230186
630,1,.386456,.155002,.187855,.651075,1.0771,.722559,.0830688,.1322,-.0341668,1.18371,.708585,.60499,.431455,.420711,.450485,.907369,.5680062,.9449,.496073,.889245,.154505,-.475914,-.57872,-.27713
635,1,.381776,.223895,.266702,.701741,1.13098,.7167,.0886251,.190913,-.0848076,1.2658,.806627,.646233,.459196,.413705,.457953,.970464,.6131159,.940067,.477846,.864278,.18828,-.511268,-.619567,-.347431
640,1,.384299,.309035,.359355,.762528,1.19372,.715128,.118953,.264843,-.130013,1.36418,.923322,.691437,.485727,.4078,.498783,1.04824,.643575,.928877,.453493,.834365,.192654,-.562513,-.672743,-.437595
645,1,.392755,.406396,.460362,.829732,1.26275,.71676,.172589,.350909,-.16863,1.47479,1.05212,.735947,.510153,.402099,.57003,1.13772,.657143,.911841,.423336,.802388,.165917,-.627567,-.738843,-.541967
650,1,.405458,.511342,.563907,.899106,1.33491,.720706,.246804,.445581,-.200201,1.59183,1.18502,.774774,.531852,.394909,.666024,1.23446,.652302,.889329,.387764,.771003,.10875,-.702608,-.817056,-.653168
655,1,.420394,.618834,.664233,.966261,1.40669,.72634,.337755,.545008,-.225006,1.7083,1.31331,.80319,.550431,.383958,.77894,1.33282,.628506,.861682,.347427,.742457,.02425,-.782389,-.90511,-.762879
660,1,.435384,.723688,.756074,1.02709,1.47464,.733299,.440745,.645176,-.244017,1.8167,1.42832,.817342,.565589,.3667,.899599,1.4265,.586345,.829464,.303402,.718566,-.082257,-.860911,-.999358,-.862731
665,1,.448315,.820887,.835066,1.07818,1.53565,.741438,.550576,.742105,-.258746,1.90982,1.52226,.814786,.577018,.340693,1.01841,1.5092,.527604,.793545,.257293,.700584,-.203624,-.932182,-1.095034,-.945242
670,1,.4574,.905913,.898073,1.11716,1.58732,.750739,.66194,.832058,-.271025,1.98145,1.58897,.794835,.584317,.30396,1.12633,1.57525,.45522,.755262,.211247,.689247,-.331495,-.990933,-1.186615,-1.004653
675,1,.461388,.975065,.943385,1.1429,1.62815,.761198,.769784,.911749,-.28275,2.02706,1.62445,.758695,.586967,.255291,1.21566,1.62032,.373116,.716401,.167835,.684765,-.456965,-1.033353,-1.268365,-1.037483
680,1,.459723,1.02576,.9708,1.15559,1.65759,.772714,.86966,.978518,-.295625,2.04419,1.62724,.709342,.584377,.194451,1.28079,1.64186,.28593,.679072,.12983,.68679,-.571448,-1.057483,-1.334848,-1.042863
685,1,.452599,1.05676,.981541,1.1567,1.67603,.785015,.957982,1.03047,-.310935,2.03272,1.59848,.65119,.576065,.122253,1.31856,1.63944,.198718,.64556,.0999399999999999,.694489,-.66737,-1.063375,-1.38153,-1.022415
690,1,.440906,1.06829,.978036,1.14876,1.68462,.79762,1.03219,1.06654,-.329387,1.99474,1.54178,.589562,.561856,.0404953,1.32839,1.61473,.11657,.61808,.08047,.706584,-.738828,-1.052874,-1.405178,-.979924
695,1,.426053,1.06204,.963587,1.13501,1.68507,.809846,1.0908,1.08653,-.351052,1.93434,1.46273,.530046,.542022,-.0482378,1.31215,1.57122,.0442100000000001,.59854,.07297,.721483,-.782104,-1.029198,-1.404294,-.920708
700,1,.409754,1.04104,.941954,1.11902,1.67934,.820874,1.13337,1.091,-.375376,1.85703,1.36831,.477849,.51737,-.140866,1.27375,1.51374,-.0143499999999999,.58834,.0779800000000002,.737386,-.795901,-.99637,-1.379181,-.85094
705,1,.393776,1.0093,.916919,1.10428,1.66938,.829835,1.16035,1.08125,-.40129,1.76914,1.26615,.437198,.489197,-.234168,1.21851,1.44778,-.0560700000000001,.58813,.0949800000000001,.752461,-.781312,-.958583,-1.331942,-.776953
710,1,.379705,.97148,.891864,1.09375,1.65686,.835922,1.17289,1.05908,-.427391,1.67717,1.16376,.410881,.459061,-.325152,1.15252,1.37873,-.07914,.59778,.12227,.764996,-.741639,-.919669,-1.266289,-.704699
715,1,.368774,.932334,.869429,1.0896,1.64303,.838497,1.17265,1.02672,-.452157,1.58708,1.06779,.399991,.428547,-.411376,1.0819,1.31123,-.0830500000000001,.61631,.157266,.773601,-.681909,-.882683,-1.187089,-.639243
720,1,.36176,.896257,.85128,1.09292,1.62857,.83718,1.16151,.986626,-.474179,1.50379,.983484,.403893,.399011,-.491191,1.01219,1.24868,-.0685900000000002,.641944,.196663,.77729,-.608297,-.849669,-1.099897,-.584473
725,1,.358943,.866805,.837999,1.1037,1.61363,.831881,1.14149,.941317,-.492387,1.43076,.914267,.420387,.371341,-.563889,.947855,1.19301,-.0377900000000002,.672313,.236895,.775631,-.527468,-.821669,-1.010373,-.542926
730,1,.360116,.846363,.829128,1.12082,1.59793,.822807,1.11453,.893288,-.50622,1.36985,.861562,.446066,.345948,-.629713,.892,1.14468,.00628999999999991,.704642,.274457,.768802,-.445934,-.798732,-.923784,-.515614
735,1,.364648,.835959,.823345,1.14225,1.58092,.810411,1.08245,.844917,-.515729,1.3213,.824863,.476784,.322867,-.689753,.846272,1.10296,.0597999999999999,.736003,.306291,.757575,-.369488,-.780093,-.844516,-.501996
740,1,.371561,.83526,.818735,1.16537,1.56199,.795308,1.04692,.798415,-.521607,1.28396,.801985,.508155,.301983,-.745752,.810958,1.06638,.11845,.763575,.33011,.743255,-.302803,-.764397,-.775805,-.500002
745,1,.379621,.842751,.813133,1.18724,1.54077,.778165,1.00946,.755799,-.525134,1.25568,.789494,.536047,.283365,-.799824,.785234,1.03322,.17778,.784971,.344489,.727637,-.249187,-.749855,-.719633,-.506129
750,1,.387441,.856076,.80449,1.20501,1.51732,.759602,.971486,.718894,-.528051,1.2337,.783239,.556983,.267513,-.854144,.767516,1.00197,.233524,.798426,.348934,.71283,-.210533,-.734457,-.676717,-.515726
755,1,.3936,.872478,.791211,1.21622,1.49233,.740118,.934345,.689322,-.532388,1.21518,.778909,.568421,.255464,-.910644,.755857,.971709,.281875,.803008,.343742,.701119,-.187436,-.716245,-.646759,-.523445
760,1,.396757,.88926,.772418,1.2191,1.46702,.720047,.899342,.668492,-.540265,1.19764,.772557,.568887,.248681,-.970766,.748305,.942199,.319758,.798528,.32984,.694602,-.179418,-.693518,-.628753,-.523876
765,1,.39578,.9042,.748125,1.21272,1.44303,.699595,.867745,.657571,-.553676,1.17929,.761039,.557986,.248739,-1.03527,.743214,.913935,.344975,.785459,.30852,.694905,-.185228,-.665196,-.621304,-.5123
770,1,.389859,.915865,.719283,1.19706,1.42211,.678895,.840754,.657437,-.574298,1.15928,.74232,.536299,.256846,-1.10415,.739437,.887962,.356306,.764673,.281195,.702827,-.203138,-.631116,-.622981,-.485474
775,1,.378586,.923744,.687707,1.17298,1.40569,.658086,.819438,.668598,-.603339,1.13771,.715615,.505202,.27335,-1.17662,.736401,.865599,.353542,.737092,.249236,.717983,-.231199,-.592249,-.632508,-.442265
780,1,.361982,.928232,.655888,1.14202,1.39457,.637372,.80467,.691127,-.641442,1.11559,.681368,.466649,.297317,-1.25125,.734075,.848203,.33735,.703443,.213788,.738682,-.267426,-.550886,-.648941,-.384051
785,1,.340484,.930444,.62672,1.10622,1.38863,.617062,.797044,.724584,-.688638,1.09459,.641098,.422937,.326389,-1.32611,.732841,.836865,.309176,.664046,.175776,.76191,-.309904,-.510476,-.671653,-.314709
790,1,.314855,.931908,.603166,1.06782,1.38678,.597542,.79681,.767968,-.744364,1.0767,.597103,.376458,.356908,-1.39901,.733297,.832212,.27101,.618812,.135912,.783614,-.356839,-.475304,-.700242,-.240195
795,1,.286061,.934212,.587913,1.02899,1.38707,.579211,.803819,.819694,-.807543,1.06384,.552115,.329459,.384377,-1.46772,.736038,.834274,.225171,.567376,.0947779999999998,.799157,-.406579,-.449897,-.734381,-.167738
800,1,.255135,.93866,.583063,.991594,1.38699,.56238,.817524,.87763,-.87668,1.05754,.508923,.283824,.404083,-1.53024,.741459,.842401,.17407,.50936,.0529339999999999,.803927,-.457635,-.438318,-.773716,-.10484
805,1,.223057,.946,.589888,.956974,1.38394,.547175,.837011,.939193,-.949997,1.05855,.470024,.240874,.411804,-1.58491,.749608,.855266,.119963,.444747,.010974,.794052,-.508734,-.443462,-.817676,-.0582199999999999
810,1,.19067,.956275,.608677,.92585,1.37558,.533429,.861077,1.0015,-1.02557,1.06665,.437329,.201209,.404431,-1.63063,.760094,.870917,.064773,.37408,-.030425,.766903,-.558885,-.466486,-.865441,-.032898
815,1,.158659,.968792,.6387,.898288,1.36032,.520656,.888334,1.06157,-1.10148,1.08055,.411977,.164665,.380414,-1.66682,.772094,.886909,.00995400000000013,.29875,-.0705039999999998,.72162,-.607429,-.506495,-.915885,-.031563
820,1,.127577,.982239,.678278,.873765,1.33741,.508058,.917335,1.11655,-1.17585,1.09794,.394257,.130293,.339912,-1.69346,.784417,.900482,-.0435700000000001,.22086,-.108474,.659132,-.654124,-.56057,-.967647,-.054345
825,1,.0978969,.994882,.724953,.851293,1.30702,.494608,.946697,1.16395,-1.247,1.11568,.383634,.0964915,.284617,-1.71099,.79563,.908804,-.095404,.14307,-.143589,.582067,-.6991385,-.624187,-1.0191885,-.099017
830,1,.0700538,1.00483,.775743,.829611,1.27002,.479194,.975209,1.20188,-1.31344,1.13008,.378882,.0612339,.217388,-1.72021,.804222,.909245,-.145598,.0681399999999999,-.175219,.494277,-.7429881,-.691857,-1.0688461,-.161494
835,1,.0444831,1.01032,.827449,.807395,1.22777,.460805,1.00192,1.22919,-1.3739,1.13735,.378298,.0223768,.141749,-1.72209,.808786,.8997,-.194525,-.00141999999999998,-.202925,.400321,-.7864092,-.757951,-1.1149732,-.236549
840,1,.0216093,1.00998,.876965,.783463,1.18176,.4387,1.02619,1.24559,-1.42733,1.13399,.379942,-.0220222,.0613738,-1.71766,.808166,.878864,-.242727,-.0638300000000001,-.226517,.304795,-.8301882,-.8174902,-1.1560122,-.3185682
845,1,.00179818,1.00302,.921568,.756942,1.13348,.412561,1.04766,1.25167,-1.47288,1.11721,.381909,-.0733757,-.0202169,-1.70787,.801572,.846472,-.290718,-.11819,-.246078,.211912,-.8749477,-.8666889,-1.1905857,-.4021259
850,1,-.0146862,.989323,.959155,.727418,1.08431,.382579,1.06622,1.24884,-1.50983,1.08528,.382561,-.132306,-.0998124,-1.69353,.78865,.803431,-.338802,-.16453,-.261905,.125155,-.920956,-.9032434,-1.217586,-.4823734
855,1,-.0277295,.96953,.988389,.694991,1.0355,.349474,1.08196,1.23912,-1.53765,1.03777,.380711,-.198475,-.174582,-1.67522,.76948,.751798,-.386969,-.20362,-.274539,.0471109999999999,-.967955,-.92638,-1.236245,-.555293
860,1,-.0373809,.944947,1.00875,.660278,.988212,.31444,1.09501,1.22498,-1.55593,.975694,.375721,-.270541,-.242006,-1.65337,.744526,.694621,-.434732,-.236768,-.284669,-.0205380000000001,-1.015067,-.936627,-1.246235,-.617727
865,1,-.0438145,.917447,1.02048,.624342,.943621,.279046,1.10549,1.20906,-1.56441,.901393,.367526,-.346231,-.29987,-1.62832,.71454,.63566,-.481148,-.265439,-.293105,-.076859,-1.060771,-.93553,-1.247624,-.667396
870,1,-.0472477,.889294,1.02449,.588574,.902875,.245059,1.11343,1.19383,-1.56303,.818391,.35658,-.422527,-.346377,-1.60038,.680445,.578981,-.524856,-.290955,-.30072,-.121615,-1.102972,-.925358,-1.240918,-.702957
875,1,-.0478525,.862918,1.02212,.554526,.866998,.214248,1.11864,1.18143,-1.55202,.731037,.343703,-.495958,-.380371,-1.56999,.643199,.528542,-.564114,-.314432,-.308392,-.155122,-1.139157,-.908913,-1.226995,-.724074
880,1,-.0456682,.840676,1.01493,.523737,.836724,.188174,1.12079,1.17336,-1.53188,.644076,.329904,-.562943,-.401631,-1.53779,.603676,.487773,-.597053,-.336636,-.316939,-.178206,-1.166619,-.889404,-1.207019,-.731535
885,1,-.0405543,.824588,1.00445,.497559,.812301,.168011,1.11934,1.17043,-1.50351,.562185,.316175,-.62017,-.411221,-1.50475,.562567,.459235,-.621781,-.358129,-.327029,-.192149,-1.182737,-.870456,-1.182355,-.727396
890,1,-.0322153,.816117,.99202,.476997,.793295,.154381,1.11368,1.17266,-1.46822,.489506,.303282,-.664992,-.411687,-1.47218,.520312,.444383,-.636683,-.379365,-.33912,-.198725,-1.185304,-.85607,-1.154498,-.714969
895,1,-.0202881,.815955,.978577,.462585,.778514,.147261,1.10317,1.17933,-1.42775,.429228,.291613,-.695788,-.407067,-1.44172,.477073,.443466,-.640585,-.400816,-.35337,-.200063,-1.172861,-.850533,-1.125016,-.69868
900,1,-.00447121,.823911,.964628,.454305,.766095,.145948,1.08726,1.18909,-1.38427,.383297,.281076,-.712235,-.402596,-1.41529,.432767,.455558,-.632955,-.422995,-.369606,-.198533,-1.145002,-.858154,-1.095532,-.683672
905,1,.0153222,.838862,.950233,.451567,.753709,.149123,1.06564,1.20017,-1.34027,.352241,.271075,-.715483,-.404202,-1.39493,.38712,.478696,-.614073,-.446461,-.387295,-.196524,-1.102603,-.882898,-1.067724,-.675277
910,1,.0388402,.858815,.935091,.453225,.73888,.154994,1.03834,1.21055,-1.29846,.33516,.260561,-.708194,-.417813,-1.38268,.33974,.510094,-.585115,-.47167,-.40559,-.196211,-1.047934,-.927907,-1.043354,-.678374
915,1,.0654209,.881077,.918678,.457665,.719304,.161522,1.00573,1.21824,-1.26159,.329873,.24817,-.694393,-.448697,-1.3803,.290227,.546382,-.548065,-.498936,-.423412,-.199374,-.98462,-.995079,-1.024266,-.696867
920,1,.0939842,.902529,.900428,.46292,.693135,.166726,.968636,1.22147,-1.23225,.333202,.232413,-.679158,-.500898,-1.3891,.238266,.58385,-.505716,-.528335,-.439609,-.207293,-.917424,-1.084748,-1.01236,-.733311
925,1,.123086,.919943,.879907,.466816,.659177,.168971,.92824,1.21884,-1.21261,.341329,.211892,-.668162,-.576874,-1.40977,.183711,.61869,-.461424,-.559663,-.453127,-.22073,-.851873,-1.195564,-1.009491,-.788766
930,1,.151021,.930348,.856971,.467143,.616992,.16722,.886039,1.20945,-1.2042,.35023,.185518,-.667094,-.67734,-1.44216,.126653,.647236,-.418896,-.592458,-.463205,-.239979,-.793747,-1.324576,-1.017324,-.862858
935,1,.175972,.931364,.831882,.461817,.566915,.161182,.843718,1.19292,-1.2077,.356107,.152714,-.681053,-.801267,-1.48521,.067471,.666195,-.381901,-.626005,-.469547,-.264967,-.748524,-1.467462,-1.03716,-.953981
940,1,.196169,.921472,.805341,.449031,.509964,.1513,.803002,1.16941,-1.22283,.355757,.113534,-.713959,-.946005,-1.53695,.00682775,.672876,-.353971,-.659446,-.472441,-.295377,-.72078675,-1.618881,-1.069716,-1.059539
945,1,.210065,.90018,.778462,.427373,.447744,.138616,.765493,1.13952,-1.2482,.346867,.0687267,-.768043,-1.10738,-1.59451,-.0543477,.665399,-.33812,-.691776,-.472807,-.330718,-.7136953,-1.772779,-1.11491,-1.1761067
950,1,.216504,.868075,.75267,.395921,.382322,.12448,.732532,1.10422,-1.28144,.328192,.0197065,-.843487,-1.27985,-1.65433,-.114913,.642867,-.336611,-.721898,-.472154,-.370348,-.728574,-1.922717,-1.171679,-1.2995565
955,1,.21487,.826731,.729537,.354268,.316091,.110233,.705055,1.06469,-1.31923,.299595,-.031564,-.938264,-1.45655,-1.71234,-.173597,.605478,-.350787,-.748599,-.472463,-.413446,-.764667,-2.062028,-1.237859,-1.424986
960,1,.205187,.778508,.710585,.302534,.251537,.0968757,.683513,1.02222,-1.3576,.26196,-.0827677,-1.04821,-1.62966,-1.76428,-.229114,.554535,-.380979,-.770683,-.475974,-.459048,-.819096,-2.184195,-1.31017,-1.5468923
965,1,.188154,.726256,.69708,.241318,.191024,.0848281,.667829,.978112,-1.39226,.217004,-.131471,-1.16732,-1.79067,-1.806,-.280271,.492349,-.426511,-.787088,-.484938,-.506056,-.887049,-2.283019,-1.384324,-1.659199
970,1,.16511,.672999,.689851,.171632,.136513,.0738276,.657419,.933572,-1.4189,.167009,-.175388,-1.28829,-1.93096,-1.83381,-.326095,.422025,-.485787,-.797059,-.501367,-.553338,-.962195,-2.352985,-1.455299,-1.755572
975,1,.137892,.621587,.689145,.0948006,.0893046,.063003,.651254,.889684,-1.43367,.114519,-.212634,-1.40324,-2.0426,-1.84483,-.365938,.347148,-.5564534,-.8003794,-.5267864,-.5998404,-1.037302,-2.389748,-1.517759,-1.829966
980,1,.108609,.574427,.694556,.0123642,.0498774,.0511106,.647967,.847366,-1.43352,.0620413,-.241931,-1.50451,-2.11909,-1.83718,-.39957,.271434,-.6356028,-.7974886,-.5620628,-.6446786,-1.10494,-2.390524,-1.5665513,-1.877159
985,1,.0793737,.533275,.705022,-.0740091,.0178268,.0368834,.645998,.807377,-1.41649,.0117881,-.262746,-1.58546,-2.15622,-1.81021,-.427233,.19838,-.7200071,-.7895502,-.6072841,-.6871952,-1.158227,-2.3546,-1.5972481,-1.893474
990,1,.0520227,.499122,.718903,-.162596,-.00802992,.0194027,.643737,.770311,-1.38193,-.0345188,-.275345,-1.64125,-2.15258,-1.7646,-.449669,.130962,-.806333,-.77834092,-.661718,-.72693292,-1.191581,-2.283542,-1.6067312,-1.877235
995,1,.0278936,.472186,.734126,-.25166,-.0294242,-.00160245,.639667,.736605,-1.33053,-.0757575,-.280757,-1.66943,-2.10993,-1.70226,-.468095,.0714257,-.891327,-.7660292,-.723846,-.7635502,-1.201335,-2.1813557,-1.5936725,-1.829173
1000,1,.00772765,.451979,.74837,-.339463,-.0482666,-.0256102,.632493,.706536,-1.26433,-.11143,-.280648,-1.67014,-2.03302,-1.62628,-.484128,.0211716,-.971956,-.7548026,-.791442,-.7966366,-1.186012,-2.0541916,-1.55871,-1.752372
1005,1,-.00829021,.437431,.759286,-.424257,-.0662427,-.0513422,.621228,.680204,-1.18644,-.141608,-.277147,-1.64615,-1.92903,-1.54065,-.499684,-.019243,-1.045485,-.7464467,-.861688,-.8255287,-1.146466,-1.909787,-1.504542,-1.651883
1010,1,-.0203556,.427038,.764701,-.504254,-.0845014,-.0769868,.605244,.657511,-1.10073,-.16683,-.272616,-1.60245,-1.80679,-1.44994,-.516831,-.0500472,-1.109498,-.7420124,-.931292,-.8492024,-1.085619,-1.7567428,-1.43562,-1.534174
1015,1,-.0287755,.419025,.762804,-.577592,-.103399,-.100537,.584281,.638125,-1.0115,-.187964,-.269416,-1.54555,-1.67569,-1.359,-.537621,-.0721274,-1.161873,-.741524,-.996617,-.866203,-1.007929,-1.6035626,-1.357586,-1.406274
1020,1,-.0336727,.411504,.752284,-.642312,-.122427,-.120184,.55842,.621459,-.923015,-.206069,-.269687,-1.48262,-1.54473,-1.27255,-.563925,-.0868845,-1.200732,-.743886,-1.053816,-.874711,-.918695,-1.4578455,-1.276551,-1.275043
1025,1,-.0347652,.402614,.7324,-.696365,-.140372,-.134661,.528023,.606654,-.839105,-.222293,-.275184,-1.42054,-1.42177,-1.19483,-.597268,-.0960734,-1.224388,-.747026,-1.098979,-.872772,-.823272,-1.3256966,-1.198247,-1.146586
1030,1,-.0312793,.390661,.703003,-.737658,-.155491,-.143467,.493663,.5926,-.762886,-.237783,-.28717,-1.36504,-1.31296,-1.12937,-.638697,-.101637,-1.231321,-.748091,-1.128319,-.858494,-.726343,-1.211323,-1.127257,-1.02579
1035,1,-.0220225,.374232,.664487,-.764146,-.165789,-.146917,.456042,.577972,-.696526,-.25366,-.306378,-1.32001,-1.22235,-1.07873,-.688685,-.105552,-1.220188,-.743761,-1.138378,-.830276,-.631325,-1.116798,-1.06635,-.915972
1040,1,-.00562281,.352289,.617695,-.77398,-.16929,-.146018,.415921,.561312,-.641186,-.271024,-.333056,-1.28715,-1.15197,-1.04446,-.747103,-.1097,-1.189901,-.730602,-1.126269,-.786985,-.540047,-1.04227,-1.016126,-.818914
1045,1,.0191187,.32423,.563798,-.765689,-.164218,-.1422,.374043,.541135,-.597076,-.291002,-.36707,-1.2659,-1.10184,-1.02707,-.813242,-.115774,-1.139732,-.705353,-1.089919,-.728016,-.452658,-.986066,-.974898,-.73477
1050,1,.0528514,.289911,.504154,-.738379,-.14914,-.137001,.3311,.516057,-.563642,-.314797,-.408034,-1.25384,-1.07031,-1.02614,-.885894,-.125243,-1.069479,-.665197,-1.02829,-.653294,-.367946,-.945067,-.939043,-.662276
1055,1,.0953508,.249612,.440179,-.691939,-.123026,-.131774,.287699,.484934,-.539843,-.343723,-.455471,-1.24718,-1.05454,-1.04052,-.963488,-.139379,-.979638,-.60796,-.941551,-.563205,-.283692,-.915161,-.903457,-.599069
1060,1,.145294,.203956,.373236,-.627203,-.0853717,-.127522,.244353,.446985,-.52447,-.379234,-.508956,-1.24157,-1.05089,-1.06857,-1.04425,-.159348,-.871556,-.5323567,-.831159,-.4586077,-.19732,-.891542,-.862336,-.541934
1065,1,.200212,.153786,.304555,-.54606,-.0363351,-.124867,.201488,.401898,-.516472,-.422877,-.568217,-1.23285,-1.0556,-1.10841,-1.12639,-.186304,-.747548,-.4382331,-.699846,-.3408901,-.10646,-.869296,-.809973,-.487383
1070,1,.256627,.100031,.235193,-.451477,.0230497,-.124183,.15945,.349891,-.515216,-.476214,-.633195,-1.21777,-1.0653,-1.15817,-1.20825,-.221473,-.610927,-.3268413,-.551508,-.2121433,-.00951999999999997,-.843827,-.741556,-.432105
1075,1,.310334,.0435875,.166024,-.34742,.0906796,-.125842,.118521,.29173,-.520663,-.54069,-.704042,-1.19448,-1.07749,-1.21619,-1.28851,-.266184,-.465941,-.2010504,-.3910075,-.0753444,.0940300000000001,-.811306,-.65379,-.373448
1080,1,.356806,-.0147584,.0977659,-.238677,.163282,-.130427,.0789235,.228689,-.533417,-.617463,-.781058,-1.16287,-1.0909,-1.28112,-1.3662,-.321773,-.3176005,-.065407,-.2239186,.0655161,.20333,-.769127,-.545407,-.309842
1085,1,.391674,-.0743514,.0310142,-.130579,.236482,-.138888,.0408313,.16246,-.554653,-.707214,-.864578,-1.12458,-1.10552,-1.35204,-1.44082,-.389406,-.1714103,.074022,-.0562276,.2054678,.31624,-.716114,-.417366,-.240942
1090,1,.411203,-.134638,-.0337099,-.0286375,.305115,-.152553,.00436739,.0950178,-.585925,-.809989,-.954832,-1.08276,-1.12251,-1.42834,-1.51229,-.46982,-.03300489,.2100972,.1060005,.3388249,.42953,-.65269,-.272771,-.167678
1095,1,.412706,-.195109,-.0959182,.0618456,.363742,-.172966,-.0303984,.0284616,-.628897,-.925064,-1.0518,-1.04173,-1.14374,-1.5097,-1.58088,-.563052,.092244,.3352804,.2569546,.4596602,.53915,-.580688,-.116666,-.0919399999999999
1100,1,.394849,-.255221,-.155124,.136198,.407367,-.201599,-.0634502,-.0351542,-.685007,-1.05088,-1.15506,-1.00641,-1.17122,-1.59589,-1.64707,-.668209,.1996482,.4425212,.391419,.562491,.64066,-.503011,.04447,-.0161600000000002
1105,1,.357814,-.314343,-.210829,.190746,.432224,-.239499,-.0948239,-.0939792,-.755154,-1.18504,-1.26372,-.981684,-1.20652,-1.68663,-1.71145,-.783353,.2855699,.5262032,.505089,.643053,.729766,-.423167,.203356,.0571999999999999
1110,1,.303287,-.371737,-.262533,.22311,.436397,-.286994,-.124605,-.146505,-.83942,-1.32443,-1.37638,-.971857,-1.25022,-1.78141,-1.77457,-.905559,.347715,.582902,.594847,.69893,.802713,-.344661,.352573,.12616
1115,1,.234284,-.426588,-.309757,.232392,.420185,-.343496,-.152916,-.191665,-.936884,-1.46535,-1.4911,-.980113,-1.30171,-1.87939,-1.83676,-1.03112,.385308,.61185,.65898,.729942,.856647,-.27059,.485237,.18939
1120,1,.154838,-.478068,-.352076,.219234,.386095,-.407476,-.179893,-.228884,-1.04556,-1.60382,-1.60557,-1.00814,-1.35918,-1.97927,-1.89807,-1.15588,.399127,.614979,.697302,.738171,.88993,-.2033,.59568,.24639
1125,1,.0695843,-.525419,-.389166,.185742,.338463,-.476625,-.205667,-.258088,-1.16246,-1.7358,-1.71717,-1.05591,-1.41995,-2.07937,-1.95824,-1.27567,.391409,.596551,.711161,.727629,.90233,-.14428,.67989,.29722
1130,1,-.0167154,-.568039,-.420837,.135272,.282753,-.548121,-.230331,-.279662,-1.28381,-1.85755,-1.82323,-1.12168,-1.48096,-2.17762,-2.01664,-1.38671,.365603,.562415,.703311,.70359,.89496,-.0942499999999997,.73587,.34227
1135,1,-.0996144,-.605535,-.447065,.0721234,.22473,-.618956,-.253917,-.294361,-1.40529,-1.96585,-1.92117,-1.20213,-1.53923,-2.27175,-2.0724,-1.48594,.3260404,.519091,.6776584,.671795,.87027,-.0532899999999998,.76372,.38194
1140,1,-.175358,-.637746,-.468001,.0011413,.169658,-.686265,-.276384,-.303214,-1.52247,-2.05828,-2.00876,-1.29276,-1.5923,-2.35945,-2.12442,-1.57123,.2775253,.472872,.6388873,.637659,.83166,-.0210700000000001,.76552,.41646
1145,1,-.241154,-.664731,-.483973,-.0727004,.121629,-.747579,-.297612,-.307402,-1.6311,-2.13339,-2.08426,-1.38828,-1.63847,-2.43853,-2.17159,-1.64147,.2249116,.429031,.5920306,.605602,.78331,.00300000000000011,.74511,.44579
0,2,-.0560472,-.326789,-.174104,.0556702,.141551,-.0926802,.0540565,.152308,-.328958,-.275251,-.293829,.0900542,.0392499,-.00817376,-.196735,.370309,.0016137,-.010757,.3824592,.315655,.2867892,-.3310591,.3653052,.3330789
5,2,-.0400934,-.293348,-.158242,.0424796,.14628,-.0537371,.0739685,.172325,-.269394,-.256789,-.27355,.0762386,.0869608,.000982371,-.145053,.373107,-.0314889,-.026045,.3358276,.304522,.2212916,-.2861462,.3330276,.3605108
10,2,-.0281132,-.25604,-.139732,.0301467,.148784,-.011584,.0893213,.188308,-.212206,-.234191,-.247518,.0616884,.128139,.0150438,-.0938496,.368295,-.0591746,-.039524,.2861867,.288516,.155538,-.240156,.2958794,.375657
15,2,-.0215512,-.215464,-.119626,.0194562,.148956,.0311425,.0988288,.19856,-.16084,-.208057,-.216644,.047272,.160018,.0329814,-.0460247,.354844,-.0793726,-.049604,.2349202,.268582,.0932967,-.194826,.255329,.376662
20,2,-.0214519,-.172456,-.0990426,.0111559,.146832,.0713825,.101581,.20166,-.118269,-.179262,-.182378,.0339297,.18053,.0529579,-.00442195,.332355,-.0904251,-.054828,.1836119,.2458746,.03835165,-.151825,.2131917,.362908
25,2,-.0282946,-.128127,-.0790038,.00587547,.142579,.105895,.0971195,.196633,-.0866366,-.148891,-.146591,.0225777,.188534,.0725744,.0284252,.301112,-.09124403,-.054054,.13400247,.2215828,-.0058475,-.112578,.1714687,.335125
30,2,-.0418819,-.0838993,-.0602799,.00404071,.136498,.13166,.085409,.183093,-.0669664,-.118137,-.111352,.0140116,.183963,.0891514,.0505425,.262085,-.08136829,-.046595,.08794001,.1967779,-.0365309,-.078122,.1321486,.295315
35,2,-.0613173,-.041512,-.0432727,.00576809,.128997,.146283,.0668694,.16133,-.0590084,-.0881918,-.0786665,.00880971,.167841,.100195,.0607278,.21685,-.06110131,-.032333,.04728009,.1722697,-.05191809,-.049009,.09700151,.2465075
40,2,-.085066,-.00293504,-.0279958,.0107892,.120563,.148283,.0423273,.132342,-.0612544,-.0601281,-.0502307,.00725081,.142186,.103744,.0587011,.167455,-.0315381,-.011779,.01372424,.1485588,-.05145029,-.025269,.06737891,.1924167
45,2,-.111084,.0298291,-.0140916,.0184181,.1117,.137234,.0130317,.0977798,-.0711327,-.0348087,-.027213,.00925183,.10979,.0987628,.0451749,.11625,.0053864,.0139202,-.011411,.1257916,-.03592307,-.00645999999999999,.04406053,.137003
50,2,-.137003,.0549554,-.00093786,.0275701,.102848,.113882,-.0194439,.0598064,-.0853082,-.0128062,-.0101134,.0143463,.0739074,.0852627,.0218398,.0656843,.047014,.0430416,-.0273853,.10378586,-.0074935,.0082231,.0271525,.0840208
55,2,-.160338,.0710736,.0121855,.0368456,.0942715,.0801546,-.0532331,.0208818,-.100096,.00563614,.00126139,.0217045,.0378973,.0643575,-.00874937,.0181023,.0900787,.0733897,-.034228,.082086,.03045387,.019795,.01606836,.03663591
60,2,-.178689,.0775354,.0259105,.044661,.0859701,.0389607,-.0862268,-.0165129,-.111885,.0206024,.00772716,.0301912,.00484038,.0380166,-.0433745,-.024478,.1308878,.102483,-.0328744,.0600596,.0735657,.02931838,.0095888,-.00288678
65,2,-.189903,.074637,.0405918,.0494355,.0776197,-.00618996,-.116189,-.0501819,-.117537,.0324669,.0105863,.0384686,-.0228022,.00879318,-.0784216,-.0605521,.1656245,.1278016,-.0252015,.0370279,.1168902,.0377499,.00600170000000001,-.0333885
70,2,-.192234,.0636941,.0561719,.0497923,.0686094,-.0515052,-.140916,-.0784818,-.114682,.0418246,.0114318,.0451316,-.0434463,-.020626,-.110191,-.0892791,.1907083,.1470912,-.0139018,.0124375,.1553226,.0458328,.003307,-.0548781
75,2,-.184479,.0469782,.0721121,.044744,.0581173,-.0932148,-.158382,-.100512,-.101951,.0493934,.0119189,.0488537,-.0565377,-.0477527,-.135232,-.110604,.203126,.1586293,-.00223420000000001,-.0139948,.1840857,.0540663,-.000539699999999997,-.0684566
80,2,-.166079,.0274821,.0874345,.033875,.0452685,-.127924,-.166952,-.116192,-.0790565,.0559103,.0135746,.048541,-.0625637,-.0706397,-.150664,-.125261,.200827,.1614605,.0063929,-.042166,.199205,.0626973,-.0073693,-.0761383
85,2,-.137222,.00857239,.100826,.0174659,.0293037,-.153012,-.165566,-.126196,-.046784,.0620385,.0176291,.0434708,-.0629278,-.0879795,-.154441,-.134689,.1830319,.1554997,.00889351,-.0715223,.1979118,.0717612,-.0185677,-.0805569
90,2,-.0989079,-.00644975,.110848,-.0034526,.00974019,-.166794,-.153996,-.131736,-.00687928,.0682877,.0248759,.033394,-.0597096,-.0991787,-.145559,-.140832,.1505434,.14147619,.00299715,-.10110781,.178953,.0811224,-.0348937,-.0845855
95,2,-.0529766,-.0148339,.116167,-.0271412,-.0134675,-.168534,-.13288,-.134268,.0381148,.0749596,.0356287,.0185925,-.0553418,-.104152,-.124166,-.145868,.1057388,.1208005,-.0123073,-.1296345,.1427585,.0905262,-.0563671,-.0909705
100,2,-.00202609,-.0147751,.115777,-.0512622,-.0398814,-.158597,-.103818,-.135137,.0851276,.0821335,.0497093,-.000111977,-.0522326,-.103265,-.0915635,-.151859,.0525558,.0952556,-.0364871,-.1556584,.091451523,.0996264,-.082245477,-.1019419
105,2,.0507688,-.00563746,.109208,-.0730895,-.0685906,-.138461,-.0692308,-.135284,.13082,.0896789,.0665078,-.021409,-.0524058,-.0970378,-.0501078,-.160418,-.00385870000000001,.0666934,-.06745204,-.1777986,.0286988,.1080122,-.1110879,-.1189136
110,2,.101939,.0119683,.0966386,-.0897746,-.0983073,-.110458,-.0321634,-.135053,.171926,.0972925,.0850962,-.0436092,-.0571947,-.086133,-.00301294,-.172423,-.0576112,.0367457,-.1017429,-.1949459,-.04059626,.1152283,-.1409017,-.1422909
115,2,.148098,.036367,.0789425,-.0986662,-.127479,-.0775253,.00406059,-.134143,.205565,.104561,.104382,-.0647947,-.0670335,-.0712442,.0459219,-.187848,-.10272679,.006664,-.1350332,-.2064215,-.1107166,.1208145,-.1693557,-.1714155
120,2,.186366,.0651388,.0575945,-.0976161,-.154449,-.0429868,.0361715,-.131696,.229564,.111033,.12328,-.0829952,-.0813693,-.0532379,.0926458,-.205756,-.1337876,-.022753,-.1627549,-.2120435,-.175641,.1243867,-.1940282,-.2046493
125,2,.214755,.0955913,.034528,-.0852579,-.177617,-.0102567,.0613171,-.12651,.242735,.11628,.140843,-.0963796,-.0987184,-.0331946,.133198,-.224448,-.146575,-.051107,-.1808492,-.212145,-.2295776,.1257296,-.2126596,-.2395614
130,2,.232461,.125197,.0119174,-.0611827,-.195594,.017666,.0773332,-.117295,.24505,.11995,.156362,-.103433,-.116848,-.0125939,.164052,-.241738,-.1385159,-.078299,-.1863797,-.2075114,-.267485,.12489,-.223383,-.27321
135,2,.239959,.151947,-.00805161,-.0260095,-.207319,.0385808,.0830317,-.102927,.237711,.121801,.169412,-.103098,-.133067,.0067835,.182417,-.255306,-.1090412,-.104392,-.1779565,-.19926739,-.285515,.122239,-.224899,-.302479
140,2,.238934,.174544,-.0234069,.0186339,-.212127,.0513024,.0782502,-.0826543,.223043,.121712,.17983,-.0948769,-.144576,.0228694,.186469,-.263062,-.0596163,-.1294727,-.1559101,-.1887201,-.2813459,.118486,-.2165889,-.324406
145,2,.232008,.192481,-.032593,.0702516,-.209818,.0558095,.06384,-.0562074,.204223,.119671,.187619,-.0788731,-.148854,.0336631,.175494,-.263443,.00641159999999999,-.1536106,-.1222294,-.177225,-.2543671,.114589,-.1985441,-.336473
150,2,.222348,.205854,-.0345889,.125677,-.20065,.0533777,.0414504,-.0238196,.184876,.115752,.192846,-.0557693,-.143999,.0374886,.149939,-.255616,.0842266,-.1768304,-.080177,-.1660611,-.2057083,.111617,-.1715213,-.336845
155,2,.213194,.215102,-.0289919,.181338,-.185334,.0464563,.0133003,.0138369,.168551,.110083,.195525,-.0267484,-.129002,.0334738,.105358,-.239562,.1680377,-.1991709,-.033764,-.1563421,-.1321064,.11056,-.1368314,-.324527
160,2,.207411,.220703,-.0160439,.233564,-.164986,.0383038,-.0181283,.0557587,.158218,.102816,.19552,.00662796,-.10392,.0217586,.0562655,-.216044,.2516923,-.2207447,.012861,-.1489421,-.04963754,.112124,-.09618804,-.29944
165,2,.20714,.22299,.00339949,.278894,-.141049,.0325191,-.0503763,.100727,.155794,.0941042,.192498,.0425799,-.0699144,.00375002,-8.38651E-005,-.186482,.3292703,-.241776,.055904,-.14444849,.0426637651,.1165676,-.0515243,-.2624124
170,2,.213566,.221994,.0279576,.314381,-.115174,.0326571,-.0813205,.147398,.161846,.084097,.185961,.0792847,-.0291595,-.018047,-.0599692,-.152777,.3957015,-.262572,.0923869999999999,-.1431316,.1392539,.1236175,-.00481230000000001,-.2151205
175,2,.226851,.217465,.0558323,.337853,-.089108,.0417886,-.109279,.194379,.175467,.0729412,.175301,.115038,.0153636,-.040258,-.119512,-.117125,.447132,-.283487,.120388,-.1449403,.23455,.1324886,.0420968,-.1599374
180,2,.246216,.209049,.0849437,.348114,-.0645267,.0620312,-.133132,.240297,.194408,.0607993,.159925,.148399,.0601723,-.0592492,-.174978,-.0818116,.481246,-.3048237,.139065,-.1494704,.323377,.1419839,.0875997,-.0997527
185,2,.270127,.196551,.113104,.345085,-.0429169,.0941979,-.152263,.283841,.21539,.0478747,.139402,.178296,.101641,-.0716612,-.223053,-.0490276,.497348,-.3267579,.148534,-.1560209,.401349,.1506686,.1304213,-.037761
190,2,.296537,.180207,.138201,.329815,-.0254205,.137756,-.166507,.323812,.234617,.0344389,.1136,.204081,.136369,-.075107,-.26107,-.0207081,.496322,-.3492325,.149608,-.1636215,.465151,.1570771,.1696421,.022769
195,2,.323175,.160876,.158426,.30438,-.0127367,.190857,-.175928,.359199,.248354,.0208494,.0827956,.225536,.161519,-.0685273,-.287173,.0016099,.480308,-.3719357,.143504,-.1711627,.512709,.1599091,.2046866,.0787234
200,2,.347823,.140097,.172456,.271679,-.00505475,.250393,-.180722,.389255,.253504,.00755963,.0477652,.242839,.175098,-.0524983,-.300398,.0169368,.452401,-.39430975,.131582,-.17751075,.543237,.1581612,.23527937,.1273328
205,2,.368573,.120004,.179636,.235143,-.0020487,.312206,-.181037,.413551,.248082,-.0048945,.00982118,.256495,.176133,-.0290471,-.300684,.0249256,.41618,-.4155997,.115139,-.1816847,.557179,.1512074,.2613895,.16631182
210,2,.384017,.103019,.180097,.198397,-.00292138,.371575,-.176967,.432027,.231525,-.0159273,-.0292096,.267228,.164744,-.00140167,-.288808,.025938,.375364,-.43494838,.095378,-.18301838,.556036,.138806,.2831553,.1939536
215,2,.393362,.091493,.1748,.164931,-.00649163,.423696,-.168461,.445023,.204767,-.0249509,-.0670581,.275877,.142101,.0266904,-.266268,.0210634,.333392,-.45151463,.073438,-.18129163,.542145,.1210376,.3008279,.2091591
220,2,.396474,.0873037,.165454,.137792,-.0113418,.46408,-.155434,.453261,.170135,-.0314277,-.101134,.283296,.110294,.0515215,-.235096,.0120304,.293226,-.4646028,.0504883,-.1767958,.518392,.0982636,.3147237,.211428
225,2,.393837,.0915872,.154344,.119356,-.0159787,.488983,-.137885,.457784,.131017,-.0349391,-.128731,.290247,.072098,.0701313,-.19768,.00103942,.257241,-.4737627,.0277688,-.1703227,.487927,.07105858,.3251861,.200829
230,2,.386429,.104516,.144072,.111184,-.01902,.495911,-.116073,.459849,.0914111,-.0352425,-.147266,.297324,.03069,.0806733,-.156561,-.00948596,.227257,-.478869,.00666799999999999,-.163092,.453885,.04017596,.3325665,.177956
235,2,.375509,.125272,.137217,.113924,-.0193987,.483924,-.0905549,.460787,.0553955,-.0323178,-.154555,.304901,-.0106596,.0827341,-.114252,-.0172085,.2044789,-.4801857,-.011348,-.1566157,.419153,.0065489,.3372188,.1438954
240,2,.362411,.152167,.135979,.127309,-.0164926,.453676,-.0622993,.461836,.0266294,-.0264043,-.149103,.313095,-.0488954,.077206,-.0730902,-.0201894,.1896083,-.4783286,-.024858,-.1524716,.3861852,-.028706,.3394993,.1002076
245,2,.3483,.182942,.141864,.150155,-.0102333,.407285,-.032592,.463976,.0078887,-.0180261,-.130387,.321735,-.0814689,.0661133,-.0351355,-.017218,.182747,-.4742093,-.032787,-.1520973,.3568705,-.0642509,.3397611,.0489181
250,2,.333977,.215072,.155453,.180407,-.00110915,.348199,-.00302389,.467778,.000761777,-.00797905,-.0990439,.330362,-.106559,.0520882,-.00210013,-.00802172,.18343089,-.46888715,-.034665,-.15656215,.33246213,-.09853728,.33834105,-.00751509999999998
255,2,.319715,.246088,.17626,.215207,.00988235,.28081,.0247563,.473315,.00547767,.00269243,-.0569886,.338227,-.12323,.0379781,.0246679,.00663334,.1904507,-.46343265,-.030881,-.16637765,.3135591,-.12986334,.33553457,-.0662414
260,2,.305213,.273854,.202706,.251026,.021372,.209904,.049168,.480121,.0209053,.0127387,-.00739872,.3443,-.131519,.0262781,.0441697,.0249907,.201858,-.458749,-.022828,-.181334,.3001303,-.1565097,.3315613,-.12412028
265,2,.289642,.296787,.232265,.283897,.0318206,.140118,.0689098,.48723,.0446687,.0207804,.0454464,.347306,-.132418,.0188589,.0557237,.0445262,.2149872,-.4554094,-.01289,-.2004444,.2915823,-.1769442,.3265256,-.1778644
270,2,.271783,.313924,.261705,.309721,.039768,.0755903,.083017,.493315,.0734218,.0254116,.096476,.345796,-.127748,.0166664,.0589382,.0622903,.226704,-.453547,-.00420300000000001,-.221937,.2868578,-.1900383,.3203844,-.224224
275,2,.250233,.324887,.287456,.32465,.0440685,.0196449,.0909799,.496908,.103151,.025313,.140254,.338239,-.119964,.0197277,.0536867,.075304,.2336701,-.4528395,-.000236999999999987,-.2433875,.2845523,-.195268,.312926,-.260218
280,2,.223689,.329799,.306012,.325547,.0441455,-.0254624,.0926894,.496716,.129585,.0194021,.171524,.32317,-.111852,.0271354,.0401214,.0809915,.2328576,-.4525705,-.00425200000000003,-.2618665,.2830486,-.1928435,.3037679,-.283376
285,2,.191263,.329164,.314407,.310443,.040152,-.0586354,.0884257,.491941,.148626,.00700903,.185798,.299393,-.106152,.0372807,.0187271,.0775834,.2220173,-.451789,-.018721,-.274255,.2806659,-.1837354,.29238397,-.29195
290,2,.152786,.323774,.310682,.278953,.0330855,-.0797041,.0787577,.482611,.156817,-.0119435,.179946,.266216,-.105145,.0480366,-.00958732,.0644146,.2001953,-.4495255,-.044821,-.2775965,.27580332,-.1695596,.2781595,-.285091
295,2,.109048,.314659,.294303,.232575,.0248477,-.0891561,.0645745,.469843,.151783,-.0367624,.152705,.223717,-.110222,.0571294,-.0433782,.0421,.1680005,-.4449953,-.082084,-.2694553,.2670952,-.152322,.2604794,-.262927
300,2,.0619785,.303143,.266463,.174809,.0182025,-.0878993,.0471115,.455991,.132657,-.0658184,.105062,.173024,-.121475,.062392,-.0805329,.0126029,.1276975,-.4377885,-.128334,-.2482605,.2535569,-.1340779,.2388424,-.226537
305,2,.0146877,.291027,.230244,.111087,.0166802,-.0769613,.0281035,.444617,.100416,-.0964321,.040443,.116553,-.137365,.0622042,-.118167,-.0208167,.0829835,-.4279368,-.17994,-.2135638,.23472,-.1165483,.2129851,-.177808
310,2,-.0286607,.280746,.190594,.0484451,.0244402,-.057095,.00988618,.440288,.0581069,-.124838,-.0353282,.0581512,-.154527,.0557491,-.152571,-.0537517,.03855892,-.4158478,-.2323009,-.1661538,.2107222,-.1007753,.1829892,-.1191988
315,2,-.0631147,.275557,.154061,-.0050044,.0460346,-.0285241,-.00438988,.448208,.0108633,-.146242,-.114304,.00313406,-.167743,.0434266,-.17924,-.0808353,-.00061452,-.4021734,-.2805614,-.1080264,.18237406,-.0869077,.14937606,-.053439
320,2,-.0833259,.279578,.128292,-.040774,.0861077,.00908804,-.0107474,.473698,-.0342674,-.155003,-.186906,-.04185,-.170129,.02703,-.19301,-.0959862,-.0300266,-.3875903,-.320352,-.0421843,.15116,-.0741428,.113153,.016777
325,2,-.0840376,.297683,.121335,-.0508219,.149015,.0565611,-.0045283,.521587,-.0687962,-.144956,-.242637,-.0691516,-.15357,.0099592,-.188327,-.092731,-.0462936,-.372572,-.3485049,.02768,.1191754,-.060839,.0758044,.089067
330,2,-.0606126,.335092,.140811,-.0283677,.238376,.115166,.0192122,.595604,-.0834667,-.109863,-.270916,-.0706449,-.109379,-.00291387,-.159631,-.0645963,-.0475799,-.357228,-.3634597,.097565,.0889861,-.0447827,.0392181,.161537
335,2,-.00956431,.396708,.192972,.0313139,.356555,.186381,.0651969,.697827,-.0691286,-.0439792,-.262,-.0384238,-.0291601,-.00539302,-.101846,-.0056028,-.033883,-.341272,-.3653941,.163583,.0634222,-.0235573,.0055554,.2328399
340,2,.0709919,.486275,.281779,.130283,.504199,.271476,.137094,.828264,-.0176668,.0573225,-.207889,.0343676,.0941968,.00947912,-.0109381,.0891554,-.00681099999999998,-.324065,-.355992,.22242,.0453057,.0050414,-.0229549,.3020858
345,2,.180996,.605526,.408146,.267542,.679781,.371092,.236752,.984595,.0770248,.196892,-.103158,.152637,.265448,.0488389,.115513,.222849,.03079,-.304814,-.337984,.271635,.037124,.0425989999999999,-.044255,.368606
350,2,.318221,.753399,.569444,.438895,.879364,.484983,.363421,1.16213,.218266,.375219,.0543726,.31849,.486014,.119134,.277805,.396279,.075474,-.282766,-.314504,.30992,.040685,.089735,-.056729,.4316414
355,2,.47819,.925559,.759378,.637083,1.0965,.611753,.513346,1.35397,.405998,.58998,.26316,.530513,.753171,.225364,.473714,.607344,.123737,-.25747,-.288476,.337122,.056799,.145827,-.059467,.490011
360,2,.654274,1.11436,.968251,.852169,1.32241,.748587,.679649,1.55138,.6365,.835772,.517699,.783286,1.05955,.370186,.69829,.850713,.17252,-.22897,-.262191,.354159,.084996,.208837,-.052486,.541851
365,2,.837982,1.30931,1.18366,1.07217,1.5463,.891179,.852782,1.74424,.902414,1.10413,.808549,1.06724,1.39303,.553365,.943884,1.11772,.219388,-.19794,-.23714,.36264,.123356,.27531,-.0368900000000001,.584481
370,2,1.01939,1.49791,1.39152,1.28379,1.75605,1.03392,1.02132,1.92173,1.1931,1.38385,1.12266,1.36889,1.73713,.771269,1.20046,1.39666,.26247,-.16568,-.21412,.36453,.16843,.34047,-.0149600000000001,.61447
375,2,1.18774,1.66681,1.57731,1.47334,1.93881,1.17019,1.1732,2.07296,1.49525,1.66157,1.44397,1.67154,2.07188,1.01682,1.45616,1.67332,.30014,-.13415,-.19347,.3615,.21538,.39856,.00996999999999981,.62791
380,2,1.33218,1.80316,1.72729,1.62754,2.08191,1.29269,1.29704,2.18774,1.79371,1.9227,1.75434,1.95628,2.37516,1.27956,1.6981,1.93187,.3305,-.10583,-.17562,.35462,.25818,.44329,.0335800000000002,.62082
385,2,1.44265,1.89589,1.82972,1.73451,2.17365,1.3939,1.38347,2.25723,2.07255,2.15251,2.03466,2.20345,2.62442,1.54629,1.91338,2.15608,.35104,-.08358,-.16138,.34393,.29007,.46834,.0509399999999998,.58976
390,2,1.51074,1.93687,1.87581,1.78461,2.20419,1.46672,1.4261,2.27473,2.31609,2.33738,2.26635,2.3942,2.79867,1.80171,2.09016,2.33061,.35851,-.0705400000000003,-.15226,.32838,.30404,.46806,.0568200000000001,.53232
395,2,1.53057,1.92171,1.86046,1.77123,2.16641,1.50517,1.42236,2.23627,2.51003,2.466,2.43282,2.5122,2.88044,2.02958,2.21873,2.44245,.34887,-.0698599999999998,-.15048,.30595,.29347,.43799,.0461999999999998,.44762
400,2,1.49953,1.85035,1.78261,1.69156,2.05673,1.50484,1.37359,2.1412,2.6425,2.5305,2.52107,2.54528,2.85767,2.21386,2.29246,2.4822,.31797,-.08447,-.15879,.27412,.25282,.37547,.01478,.3366
405,2,1.41869,1.7272,1.64541,1.54704,1.87586,1.46336,1.28496,1.99258,2.70497,2.52732,2.52314,2.48673,2.72522,2.34009,2.30854,2.44525,.26208,-.11672,-.18016,.23045,.17819,.27997,-.0405900000000003,.20208
410,2,1.29295,1.56092,1.4561,1.34373,1.62937,1.38083,1.16476,1.79736,2.69296,2.45775,2.43722,2.33624,2.48583,2.39662,2.26839,2.33257,.17897,-.16799,-.21719,.17327,.0678499999999995,.15326,-.12151,.04861
415,2,1.13075,1.36386,1.22565,1.09219,1.32795,1.26007,1.02376,1.56627,2.60647,2.32801,2.26828,2.10032,2.15037,2.37585,2.17771,2.15101,.06843,-.23832,-.27167,.1023,-.0773900000000003,-.000639999999999752,-.22769,-.11791
420,2,.943423,1.15119,.968284,.807117,.987255,1.10641,.874197,1.3134,2.45022,2.14895,2.02814,1.79207,1.73748,2.27507,2.04616,1.91322,-.0670799999999999,-.326145,-.344073,.0189710000000001,-.25409,-.17574,-.35688,-.29066
425,2,.744287,.939743,.700714,.506396,.627143,.927427,.728892,1.05543,2.23339,1.93527,1.7348,1.4304,1.27227,2.09713,1.88665,1.63682,-.222496,-.428287,-.433347,-.0735710000000001,-.45625,-.36455,-.50487,-.46253
430,2,.547441,.746681,.441177,.209864,.27043,.732566,.600295,.81042,1.9692,1.70439,1.41111,1.03863,.784573,1.85045,1.71431,1.3432,-.390431,-.53999,-.536817,-.170747,-.67568,-.558627,-.66576,-.626537
435,2,.366552,.587949,.208242,-.0623076,-.0589573,.532494,.499698,.596511,1.67407,1.47507,1.08295,.642732,.306511,1.54879,1.54529,1.05575,-.5620056,-.6554683,-.6502566,-.2671993,-.902558,-.749239,-.832338,-.776439
440,2,.213692,.476833,.0194012,-.291354,-.338128,.338303,.436416,.430343,1.36662,1.26585,.776882,.269186,-.130083,1.21032,1.39537,.797941,-.72777,-.768471,-.768187,-.3575292,-1.126184,-.928024,-.996664,-.906965
445,2,.0983913,.422722,-.110397,-.4616,-.547493,.160691,.417187,.325581,1.06636,1.09353,.517828,-.0571713,-.496359,.856396,1.27871,.591217,-.878787,-.873074,-.884322,-.437096,-1.3358813,-1.087576,-1.1507013,-1.014187
450,2,.0269917,.430198,-.170104,-.56187,-.672757,.00934951,.445609,.291627,.792366,.971776,.326781,-.315221,-.768878,.509899,1.20661,.45306,-1.007479,-.964384,-.992068,-.502653,-1.521831,-1.221938,-1.286997,-1.095659
455,2,.0023443,.498623,-.153698,-.586426,-.706367,-.107627,.521909,.33272,.56186,.91002,.218969,-.489302,-.931576,.193466,1.18663,.395411,-1.108335,-1.039087,-1.085049,-.552669,-1.675932,-1.326987,-1.399322,-1.150545
460,2,.0238645,.622317,-.0608576,-.535335,-.648233,-.184292,.642923,.447521,.388974,.912744,.202575,-.570487,-.977082,-.0724464,1.22201,.42359,-1.178258,-1.095754,-1.157652,-.5873754,-1.792497,-1.400672,-1.483231,-1.179657
465,2,.0879278,.791328,.102921,-.414182,-.505536,-.217189,.802412,.629244,.283636,.979187,.278171,-.557241,-.907244,-.271207,1.3114,.535863,-1.216594,-1.13478,-1.20551,-.608457,-1.868641,-1.443107,-1.536428,-1.185415
470,2,.188438,.992621,.326808,-.233258,-.291725,-.205398,.991565,.866325,.250824,1.10353,.438902,-.455422,-.732805,-.391491,1.44914,.723706,-1.224823,-1.15805,-1.225879,-.618533,-1.904562,-1.456511,-1.558952,-1.171707
475,2,.317537,1.21155,.595664,-.00633947,-.0249109,-.150505,1.1999,1.14354,.290157,1.27548,.671315,-.27764,-.472311,-.428187,1.62574,.972689,-1.20623947,-1.1684509,-1.21788947,-.6205749,-1.90338,-1.445,-1.55312,-1.143626
480,2,.466373,1.43342,.891486,.250722,.274163,-.0564846,1.4162,1.44346,.395945,1.48123,.956748,-.0420188,-.150329,-.382869,1.82874,1.2639,-1.165478,-1.169297,-1.182698,-.617323,-1.8707588,-1.414229,-1.5232488,-1.107077
485,2,.625826,1.64488,1.1951,.52145,.584205,.0705273,1.62941,1.74792,.557681,1.70474,1.27309,.229499,.204838,-.263542,2.04381,1.57574,-1.10796,-1.163715,-1.12343,-.610895,-1.814311,-1.370902,-1.475241,-1.068252
490,2,.787118,1.83497,1.48787,.789996,.885241,.222751,1.82949,2.03959,.760948,1.92901,1.5967,.513135,.563683,-.0839554,2.25588,1.88594,-1.039494,-1.154349,-1.044974,-.602629,-1.742745,-1.322257,-1.415875,-1.033017
495,2,.942325,1.99569,1.75324,1.04212,1.16008,.391299,2.00804,2.30323,.988647,2.13755,1.90435,.785354,.898038,.137747,2.45035,2.17342,-.96592,-1.14315,-.95357,-.59316,-1.664996,-1.275382,-1.352196,-1.006312
500,2,1.08474,2.12214,1.97796,1.26589,1.39526,.566721,2.15858,2.52666,1.22247,2.31562,2.17496,1.02486,1.18341,.380631,2.61418,2.42001,-.89269,-1.1314,-.85625,-.5827,-1.58932,-1.2366,-1.29076,-.99155
505,2,1.20912,2.21226,2.15278,1.45211,1.58142,.739603,2.27671,2.70137,1.44445,2.45129,2.39109,1.21429,1.40083,.622953,2.73677,2.61177,-.8246,-1.11995,-.76015,-.57136,-1.52248,-1.21094,-1.237,-.99026
510,2,1.31176,2.26622,2.27279,1.59449,1.71333,.901307,2.35987,2.82267,1.63841,2.53623,2.54005,1.34151,1.5382,.844059,2.81064,2.73972,-.76538,-1.10934,-.67173,-.55946,-1.46913,-1.20152,-1.19472,-1.00185
515,2,1.39051,2.2858,2.33717,1.68972,1.78952,1.04459,2.40724,2.88955,1.79131,2.56612,2.61452,1.40033,1.59079,1.0263,2.83179,2.80009,-.71752,-1.10003,-.59608,-.54765,-1.43146,-1.2093,-1.16579,-1.02373
520,2,1.44465,2.27371,2.34861,1.73737,1.81178,1.16401,2.41933,2.90416,1.89413,2.54074,2.61283,1.39071,1.56121,1.1565,2.79976,2.79404,-.68196,-1.09238,-.53634,-.53683,-1.40905,-1.23283,-1.15003,-1.05162
525,2,1.47477,2.23316,2.31246,1.73972,1.78454,1.25614,2.39771,2.87119,1.94252,2.46373,2.53871,1.31833,1.45858,1.22717,2.71745,2.72694,-.65799,-1.08665,-.49344,-.52792,-1.39912,-1.26836,-1.1454,-1.08013
530,2,1.48251,2.16755,2.23579,1.70149,1.71425,1.31979,2.34474,2.797,1.93692,2.34195,2.40062,1.1937,1.29723,1.2369,2.59065,2.60739,-.64325,-1.08275,-.46606,-.52154,-1.39695,-1.31016,-1.14825,-1.10339
535,2,1.47035,2.08041,2.12646,1.62939,1.6088,1.3559,2.26333,2.68893,1.88226,2.18479,2.21083,1.03088,1.09501,1.19043,2.42741,2.44605,-.63394,-1.08013,-.45102,-.51766,-1.39653,-1.35104,-1.15391,-1.11582
540,2,1.44139,1.97546,1.99234,1.53152,1.47698,1.3671,2.15677,2.5545,1.78731,2.00319,1.9841,.845962,.871361,1.09781,2.23732,2.25455,-.62525,-1.07752,-.44394,-.51536,-1.391358,-1.383189,-1.157228,-1.112739
545,2,1.3991,1.85677,1.8408,1.41671,1.328,1.35725,2.02863,2.40097,1.66372,1.80867,1.73634,.655424,.645442,.973277,2.03073,2.04443,-.61192,-1.07297,-.44006,-.5128,-1.375306,-1.398988,-1.153246,-1.090898
550,2,1.34711,1.72879,1.6784,1.29371,1.17101,1.3309,1.88268,2.2349,1.52478,1.61238,1.48317,.47462,.434423,.833499,1.81795,1.82642,-.58897,-1.06389,-.43508,-.50739,-1.34333,-1.391997,-1.13776,-1.048747
555,2,1.28902,1.59628,1.51085,1.17052,1.01468,1.29282,1.72296,2.06209,1.38419,1.42434,1.23873,.316467,.252136,.69577,1.60868,1.60979,-.55244,-1.04741,-.42576,-.49617,-1.292213,-1.357654,-1.107873,-.986594
560,2,1.22825,1.46404,1.3431,1.05371,.866823,1.2474,1.55381,1.88758,1.25474,1.25271,1.01462,.190474,.108164,.576065,1.41142,1.40214,-.5001,-1.020757,-.41033,-.476277,-1.220946,-1.293976,-1.062236,-.906456
565,2,1.16786,1.3366,1.17944,.94809,.733988,1.19832,1.37994,1.71581,1.1472,1.10349,.819326,.10219,.00745125,.487457,1.23316,1.20929,-.43185,-.981822,-.38851,-.445452,-1.13097,-1.20183875,-1.0013,-.81187475
570,2,1.11045,1.21777,1.0237,.856515,.62117,1.14834,1.20629,1.5508,1.06943,.980291,.65798,.0531021,-.0495664,.438824,1.0792,1.03549,-.349775,-.92963,-.361255,-.40253,-1.0260979,-1.0850564,-.9271889,-.7075464
575,2,1.05803,1.11023,.879305,.779983,.531604,1.09942,1.03811,1.3964,1.02581,.884434,.532546,.0409282,-.0663982,.434181,.953179,.883699,-.258127,-.864796,-.330247,-.347701,-.9122508,-.9500972,-.8435058,-.5989442
580,2,1.01196,1.01535,.74925,.717914,.466705,1.05265,.880716,1.25636,1.01704,.815265,.442346,.0602904,-.0495572,.472511,.85715,.755968,-.162802,-.789655,-.297436,-.282545,-.7968596,-.8055252,-.7549746,-.4919032
585,2,.972906,.933063,.636031,.668575,.42613,1.00851,.739265,1.13435,1.04029,.770588,.384811,.103638,-.00740212,.548304,.791869,.653906,-.0706899999999999,-.70822,-.264488,-.209901,-.688231,-.66130812,-.66695,-.39221312
590,2,.940871,.862071,.541549,.629536,.408039,.96717,.618399,1.03387,1.0898,.747229,.356321,.162308,.051097,.652437,.757043,.579015,.011137,-.625831,-.232535,-.13351,-.594735,-.527918,-.584921,-.305224
595,2,.915295,.800214,.467029,.59813,.409471,.92875,.521942,.958058,1.15764,.741605,.352998,.227595,.117516,.773544,.751606,.532924,.076188,-.548587,-.202084,-.057558,-.524011,-.415408,-.51401,-.235482
600,2,.895176,.745013,.413003,.571833,.42684,.893442,.452545,.909456,1.23477,.750256,.371361,.291733,.184949,.89942,.773943,.517424,.119288,-.482616,-.17318,.013837,-.48221,-.332475,-.458523,-.186412
605,2,.879228,.694274,.379365,.548546,.456467,.861552,.411495,.889743,1.31209,.770254,.408718,.348661,.248675,1.01855,.82203,.534266,.137051,-.433276,-.145728,.077102,-.473369,-.285591,-.421593,-.160043
610,2,.86602,.646583,.3655,.526784,.495069,.833615,.398527,.899511,1.38145,.799456,.463282,.394503,.306465,1.12134,.893482,.584728,.128257,-.404442,-.119799,.129569,-.498979,-.278263,-.404953,-.156817
615,2,.854089,.60164,.3704,.505755,.54014,.810371,.411925,.938086,1.43646,.836561,.534004,.427759,.35852,1.20107,.985501,.669045,.09383,-.397946,-.095885,.16974,-.557742,-.310525,-.408802,-.175484
620,2,.842053,.560339,.392751,.485358,.590117,.79261,.448639,1.0034,1.47306,.881003,.620218,.449197,.40709,1.25444,1.09477,.785778,.0367189999999999,-.413283,-.074981,.197366,-.645573,-.378688,-.431806,-.213128
625,2,.828713,.524601,.430918,.466115,.644361,.781048,.504503,1.09192,1.48974,.932659,.721113,.461468,.455807,1.28171,1.2173,.931257,-.038388,-.447559,-.058486,.213443,-.755832,-.47545,-.471191,-.265306
630,2,.8131,.496927,.482889,.449032,.702921,.77638,.574486,1.1987,1.48747,.991468,.835193,.468555,.508883,1.28621,1.34829,1.09925,-.125454,-.495779,-.047895,.220032,-.879735,-.590367,-.522913,-.32631
635,2,.794556,.479723,.546115,.435388,.766127,.779263,.653038,1.31744,1.46937,1.05699,.959793,.475099,.570252,1.27383,1.48207,1.28093,-.21765,-.551313,-.0443350000000001,.220012,-1.006971,-.710678,-.581891,-.389541
640,2,.772775,.47466,.617321,.426507,.834138,.790221,.734332,1.44071,1.44015,1.12799,1.09075,.485714,.642813,1.25191,1.61216,1.46525,-.307825,-.606572,-.048153,.216817,-1.126446,-.822437,-.642276,-.447937
645,2,.747857,.482123,.692354,.423542,.9065,.809551,.812584,1.56029,1.40547,1.20211,1.22228,.504371,.72783,1.2283,1.73143,1.63964,-.389042,-.65379,-.058581,.214146,-1.227059,-.91181,-.697739,-.49445
650,2,.720308,.500829,.766174,.42723,.981856,.837338,.882286,1.66756,1.37119,1.27574,1.34715,.533921,.824622,1.21025,1.83248,1.79104,-.455056,-.685704,-.0735990000000001,.215682,-1.298559,-.966418,-.741819,-.522528
655,2,.690995,.527729,.833008,.43777,1.05783,.873353,.938538,1.75408,1.34275,1.34405,1.45705,.575809,.930524,1.20362,1.90808,1.9071,-.500768,-.69625,-.089959,.224822,-1.332271,-.976576,-.768241,-.526526
660,2,.661018,.558231,.886709,.454749,1.13116,.916841,.977334,1.8122,1.32457,1.40127,1.54333,.629977,1.04115,1.21218,1.95181,1.97731,-.522585,-.68104,-.103482,.244451,-1.321833,-.93616,-.771293,-.50218
665,2,.631556,.586721,.92129,.477198,1.19801,.96633,.995891,1.83571,1.31966,1.44118,1.59775,.694972,1.15091,1.23736,1.95869,1.9941,-.518693,-.6377,-.109523,.27672,-1.263718,-.84319,-.746208,-.44684
670,2,.603669,.607257,.931611,.50374,1.25453,1.01963,.992846,1.82043,1.32935,1.45776,1.61338,.768212,1.25371,1.27817,1.92579,1.95362,-.489106,-.5659,-.103517,.322919,-1.157578,-.69991,-.689548,-.35967
675,2,.578094,.614384,.914047,.532787,1.29732,1.07388,.968493,1.76474,1.35326,1.44592,1.58551,.846359,1.34375,1.33155,1.85272,1.85613,-.435706,-.46742,-.081597,.383273,-1.006361,-.51238,-.599561,-.24176
680,2,.555121,.603928,.867095,.562787,1.32401,1.12559,.92482,1.66996,1.38949,1.40225,1.5123,.925757,1.41625,1.39281,1.74204,1.70609,-.362033,-.34595,-.041141,.456915,-.816283,-.28984,-.476493,-.09605
685,2,.534579,.573679,.791823,.592462,1.33372,1.17086,.865454,1.54042,1.43483,1.32572,1.39536,1.00286,1.4681,1.45637,1.59926,1.51185,-.272992,-.2067,.018783,.541897,-.5964,-.04375,-.32286,.07274
690,2,.515881,.523823,.692038,.620965,1.3272,1.20581,.795442,1.38334,1.4853,1.21808,1.2399,1.07459,1.49825,1.51634,1.43275,1.2851,-.174477,-.0561399999999999,.097142,.635162,-.35816,.21315,-.14349,.25835
695,2,.498168,.457117,.574144,.647979,1.30693,1.22699,.720969,1.20845,1.5366,1.08417,1.05465,1.13864,1.5079,1.56734,1.25321,1.04,-.0729900000000001,.0984800000000001,.190862,.732786,-.11457,.4679,.05447,.45325
700,2,.480534,.37882,.446698,.673704,1.27683,1.23165,.648965,1.02735,1.58466,.931794,.851374,1.1936,1.50037,1.60497,1.07297,.792197,.024739,.24948,.294884,.830132,.12063,.708173,.261806,.648996
705,2,.462257,.296349,.319671,.698764,1.24179,1.218,.586717,.852626,1.62611,.77128,.644093,1.23902,1.4807,1.62626,.905072,.557752,.112047,.389164,.402415,.922119,.333948,.922948,.46774,.836607
710,2,.442968,.21868,.20358,.72404,1.20714,1.18536,.541364,.696857,1.65863,.614797,.448097,1.27533,1.45506,1.62978,.762189,.351997,.182676,.510283,.50536,1.00356,.513141,1.103063,.660533,1.006963
715,2,.422731,.155559,.108519,.750483,1.17795,1.13431,.519512,.571601,1.68112,.47537,.278714,1.30364,1.43005,1.61566,.655583,.188458,.230971,.606349,.594924,1.069431,.648057,1.241592,.82827,1.151336
720,2,.402047,.116571,.0432106,.77894,1.15841,1.06641,.526746,.486375,1.69365,.365764,.150045,1.32559,1.41192,1.58538,.59412,.0778834,.252194,.672035,.662369,1.1151994,.73147,1.3340366,.959826,1.261875
725,2,.38174,.11016,.0142152,.810048,1.15133,.984058,.567137,.447804,1.69734,.297318,.0737035,1.34304,1.40586,1.54144,.583487,.0274371,.242911,.703526,.699888,1.1371148,.759553,1.3784229,1.045722,1.3321565
730,2,.362795,.142675,.0253704,.844178,1.15788,.89035,.642672,.459025,1.69393,.278864,.0577325,1.3579,1.41547,1.48694,.625678,.0401649,.201506,.698855,.701503,1.1325096,.732222,1.3753051,1.079036,1.3577375
735,2,.346129,.217503,.0774519,.881426,1.17751,.788912,.752853,.519393,1.6854,.315838,.105783,1.37193,1.44236,1.42523,.718823,.114745,.128573,.658117,.663923,1.1000581,.653107,1.327615,1.056092,1.336577
740,2,.332426,.334462,.168123,.921657,1.20812,.683647,.894302,.624539,1.67358,.409696,.216656,1.38659,1.48606,1.35957,.857359,.245583,.0273550000000001,.583581,.587195,1.039997,.529231,1.240477,.976894,1.269404
745,2,.321984,.489586,.292134,.964545,1.24651,.578495,1.06071,.766746,1.65973,.55767,.384258,1.40296,1.54416,1.2929,1.03254,.423221,-.0961650000000001,.479764,.474959,.954376,.37042,1.120939,.84529,1.159902
750,2,.314635,.675223,.441716,1.00961,1.28882,.477343,1.24297,.935609,1.64439,.752923,.59802,1.42171,1.61261,1.22765,1.23321,.63502,-.23336,.353211,.334387,.847104,.1885,.97759,.668787,1.01459
755,2,.309718,.880583,.607149,1.05625,1.33115,.383818,1.42989,1.1189,1.62731,.985077,.843715,1.44315,1.68628,1.16574,1.44681,.866083,-.37364,.21225,.175667,.724001,-.00366,.820197,.458073,.842565
760,2,.306112,1.09269,.777437,1.10367,1.36998,.300968,1.6091,1.30354,1.60754,1.24105,1.10463,1.46721,1.75954,1.10849,1.66041,1.10031,-.50543,.0664399999999998,.01098,.592543,-.1932,.65923,.22616,.65491
765,2,.302327,1.29762,.941091,1.15091,1.40255,.230949,1.76832,1.47657,1.58364,1.50612,1.36293,1.49355,1.82689,1.05665,1.8618,1.32154,-.61741,-.07402,-.14671,.461459,-.36825,.50535,-.01257,.46396
770,2,.296609,1.48192,1.08692,1.19682,1.42707,.174859,1.89661,1.62607,1.55403,1.76512,1.60117,1.52159,1.8835,1.01044,2.04037,1.5147,-.69979,-.199,-.2851,.34015,-.51878,.3688,-.24353,.28233
775,2,.287053,1.63385,1.20485,1.24001,1.44275,.132596,1.98561,1.74199,1.5172,2.00361,1.80365,1.55054,1.9257,.969575,2.18781,1.6668,-.7456,-.29924,-.39384,.2379,-.63727,.2589,-.45307,.12205
780,2,.271763,1.74462,1.28664,1.27896,1.44967,.102744,2.03035,1.81675,1.47206,2.20896,1.9576,1.57947,1.95122,.933265,2.2986,1.76783,-.75139,-.36708,-.46566,.16303,-.71913,.18339,-.62949,-.00638000000000005
785,2,.249027,1.80907,1.32647,1.3121,1.44866,.0826001,2.02975,1.84573,1.41804,2.37118,2.05407,1.60731,1.95934,.900305,2.37012,1.81142,-.71765,-.39707,-.49697,.12219,-.76281,.14792,-.76387,-.0947299999999998
790,2,.21749,1.82604,1.32144,1.33792,1.44096,.068521,1.98641,1.82748,1.3552,2.4835,2.08837,1.63287,1.95078,.869087,2.40251,1.79513,-.64849,-.38652,-.48812,.11952,-.76964,.15565,-.85063,-.13759
795,2,.176334,1.79812,1.27176,1.35513,1.42803,.0563093,1.90616,1.76374,1.2842,2.54264,2.0602,1.65489,1.92748,.837744,2.39835,1.72054,-.55103,-.33571,-.44299,.15627,-.74346,.20694,-.88775,-.13272
800,2,.125454,1.73109,1.18072,1.36278,1.41129,.0416065,1.79711,1.65926,1.20627,2.54876,1.97336,1.67205,1.89228,.804226,2.36205,1.59296,-.43433,-.24797,-.36831,.23057,-.69,.29932,-.87671,-.08108
805,2,.0655812,1.63296,1.05441,1.36031,1.39203,.0203463,1.66856,1.52129,1.12308,2.50513,1.83517,1.68305,1.8485,.766515,2.29931,1.42084,-.30825,-.12926,-.27265,.33762,-.61626,.42766,-.82208,.0133300000000003
810,2,-.00166506,1.51286,.901193,1.34759,1.37129,-.0106816,1.52985,1.35893,1.0366,2.41761,1.65567,1.6867,1.79956,.722733,2.2164,1.21495,-.18226,.0123600000000001,-.16527,.470097,-.5297,.58461,-.73091,.14389
815,2,-.0738223,1.37993,.731031,1.32491,1.3498,-.0534244,1.38955,1.18233,.949075,2.29395,1.44675,1.68196,1.74855,.671402,2.11967,.98748,-.06464,.16747,-.0550200000000001,.618769,-.43771,.76107,-.61199,.3018
820,2,-.147742,1.24235,.554685,1.29289,1.32796,-.108417,1.25477,1.00177,.862826,2.14314,1.22121,1.66809,1.69805,.61157,2.01507,.751072,.0381200000000002,.32619,.05054,.773275,-.34698,.946978,-.47505,.47684
825,2,-.219849,1.10678,.382844,1.25247,1.30586,-.174759,1.13087,.826806,.780222,1.97465,.991828,1.6447,1.64983,.543031,1.90787,.517927,.1216,.479054,.14569,.923016,-.26317,1.131903,-.32995,.658002
830,2,-.286495,.978042,.225363,1.20483,1.28335,-.250108,1.02138,.665543,.703576,1.79782,.770643,1.61187,1.60488,.466403,1.80253,.299076,.18345,.617807,.226788,1.057987,-.19066,1.305804,-.18595,.834237
835,2,-.344357,.859159,.090532,1.15139,1.26009,-.330926,.928253,.524145,.635024,1.62135,.568248,1.57014,1.56335,.383249,1.7027,.103853,.223137,.735945,.292231,1.169558,-.13256,1.459497,-.0512099999999998,.995102
840,2,-.39082,.751658,-.0154546,1.09376,1.2356,-.412907,.852201,.406618,.576451,1.45296,.393304,1.52058,1.52476,.296012,1.61132,-.0604349,.241559,.828982,.342102,1.2510546,-.09074,1.5851949,.06762,1.131456
845,2,-.424251,.656088,-.0888455,1.0337,1.20938,-.491475,.793093,.314882,.529336,1.2991,.252171,1.46471,1.48812,.207949,1.53075,-.188654,.240607,.894498,.377612,1.2982255,-.0660400000000001,1.676774,.16561,1.235949
850,2,-.444199,.572489,-.12845,.973045,1.18091,-.562165,.750288,.249087,.494648,1.16481,.148718,1.40442,1.45217,.122893,1.46292,-.27786,.222757,.931823,.400556,1.30936,-.0585,1.73003,.23961,1.303452
855,2,-.451445,.500815,-.135549,.913637,1.1497,-.62103,.722956,.208083,.47272,1.05372,.0842605,1.34187,1.41559,.0450013,1.40939,-.3272,.190681,.941617,.412822,1.285249,-.0675199999999998,1.74279,.28815,1.3313295
860,2,-.44791,.441191,-.113604,.857161,1.11526,-.6651,.710208,.189931,.463155,.968012,.0576579,1.27927,1.37723,-.0217014,1.37141,-.337756,.146953,.925329,.41597,1.228864,-.0921399999999999,1.714986,.311258,1.3195721
865,2,-.436426,.394,-.0677813,.805023,1.07708,-.692699,.711143,.192342,.464751,.908454,.0655367,1.21878,1.33619,-.0737031,1.34977,-.312333,.0938800000000001,.884738,.411023,1.1448613,-.13099,1.648523,.310326,1.2706533
870,2,-.420423,.359732,-.00436814,.758208,1.03459,-.703528,.724717,.212976,.475515,.874489,.102649,1.1623,1.29198,-.108458,1.3447,-.255201,.033491,.821614,.398476,1.03895814,-.1824,1.547181,.287811,1.189331
875,2,-.403607,.338696,.0698398,.717136,.987204,-.698669,.749676,.249583,.492717,.864292,.162304,1.11129,1.24452,-.124688,1.35568,-.171821,-.03254,.737621,.37844,.9173642,-.24439,1.416341,.246998,1.082216
880,2,-.389579,.330735,.148102,.681602,.934294,-.680534,.784358,.299974,.513062,.874866,.236884,1.0667,1.19416,-.122625,1.38124,-.0685527,-.102756,.63432,.350867,.786192,-.31454,1.2627127,.191834,.957276
885,2,-.381506,.334928,.224189,.650807,.87537,-.65269,.826626,.361864,.532915,.902183,.318386,1.02888,1.14158,-.103989,1.41883,.0476612,-.175819,.513506,.315879,.651181,-.38995,1.0939188,.126697,.823194
890,2,-.381871,.349426,.292737,.623445,.810217,-.619433,.87376,.432686,.548625,.941363,.398935,.997582,1.08777,-.0718694,1.4648,.169592,-.250315,.377531,.274019,.51748,-.467218,.918178,.056219,.688835
895,2,-.392283,.371415,.349449,.597895,.73911,-.585333,.922614,.509448,.556859,.986907,.471233,.972057,1.03389,-.0303363,1.51444,.289994,-.324719,.229662,.22648,.389661,-.542383,.743896,-.0148500000000001,.562657
900,2,-.413347,.397291,.391184,.572486,.663039,-.55481,.969718,.588681,.554992,1.033,.528946,.95115,.981218,.0160175,1.56225,.401889,-.397232,.0743579999999999,.175195,.271855,-.6111,.579329,-.0818500000000001,.452272
905,2,-.44461,.422954,.415936,.545789,.583855,-.531688,1.01156,.666508,.541423,1.07384,.566984,.933509,.931086,.0626881,1.60222,.498837,-.465771,-.082653,.122835,.167919,-.668711,.432249,-.140331,.364102
910,2,-.484573,.444172,.422776,.51694,.504317,-.518642,1.04474,.738849,.515849,1.10403,.581685,.917796,.884796,.105782,1.62835,.57521,-.5278,-.234532,.0727680000000001,.0815409999999999,-.710554,.309586,-.186234,.303111
915,2,-.530742,.456985,.411752,.485877,.428007,-.516786,1.06628,.801719,.479383,1.11891,.570905,.902931,.84361,.142541,1.63506,.626499,-.580403,-.373712,.028892,.016255,-.732129,.217111,-.215979,.272705
920,2,-.579735,.458116,.383756,.453504,.359093,-.525501,1.07371,.851561,.434595,1.1149,.534047,.888312,.808751,.171633,1.61772,.649606,-.620206,-.492468,-.004612,-.024663,-.729408,.159145,-.226588,.274704
925,2,-.627396,.445287,.340373,.421735,.301967,-.542427,1.06516,.885545,.385349,1.08973,.471969,.874003,.781411,.193291,1.57307,.643094,-.643425,-.583578,-.0235520000000001,-.0384060000000001,-.699067,.138317,-.215727,.309442
930,2,-.668977,.417433,.283719,.393384,.260819,-.563483,1.03931,.901805,.33658,1.04255,.386848,.860853,.762769,.209196,1.49951,.607341,-.645926,-.640986,-.024049,-.0229,-.638657,.155428,-.181697,.375921
935,2,-.699352,.374694,.21624,.371936,.239171,-.583223,.995471,.899575,.293914,.97402,.281965,.850548,.754002,.222229,1.39729,.54454,-.623535,-.660404,-.00275799999999998,.022931,-.546742,.209462,-.123472,.472037
940,2,-.713321,.31828,.140489,.361194,.239502,-.595433,.933498,.879196,.263261,.886125,.161447,.845539,.75627,.236045,1.26847,.458512,-.572304,-.639694,.042914,.099013,-.422931,.297758,-.0405859999999999,.594823
945,2,-.705981,.25026,.0589288,.364879,.262978,-.593862,.853865,.84201,.25031,.781995,.0299504,.848887,.770688,.254623,1.11682,.354285,-.488986,-.579032,.114619,.2040492,-.267933,.416403,.066892,.7407376
950,2,-.673204,.173204,-.0261679,.386212,.309379,-.572843,.757652,.79017,.260064,.665593,-.107634,.863992,.798257,.281757,.94747,.237533,-.37144,-.480791,.213008,.3355469,-.0834779999999999,.560724,.198399,.905891
955,2,-.612197,.0898095,-.112812,.427539,.377178,-.528001,.646728,.726396,.29635,.541368,-.24648,.894238,.839761,.320632,.766524,.113936,-.219189,-.349218,.3377295,.48999,.127714,.725825,.35287,1.086241
960,2,-.522023,.00259267,-.199262,.490059,.46378,-.456889,.52382,.653699,.361419,.413893,-.382091,.942604,.895636,.373426,.580608,-.0114248,-.0337610000000001,-.189919,.48746633,.663042,.361996,.9070608,.528711,1.277727
965,2,-.404028,-.0863205,-.283928,.573658,.565835,-.359444,.392573,.57512,.455625,.287551,-.510486,1.01123,.96583,.441089,.39642,-.134479,.181085,-.00928499999999988,.6599785,.849763,.61481,1.100309,.723679,1.476316
970,2,-.262114,-.175305,-.365265,.676825,.67956,-.238066,.257454,.493511,.577236,.166286,-.628328,1.10104,1.04965,.52319,.220312,-.252343,.419371,.186049,.85213,1.044825,.880728,1.301993,.934754,1.677978
975,2,-.102701,-.263188,-.44166,.796645,.800957,-.0974893,.123586,.411408,.722389,.0534287,-.732998,1.21139,1.14563,.617944,.0579502,-.36328,.673059,.389549,1.059833,1.242617,1.1534398,1.50891,1.1579613,1.878628
980,2,.0656442,-.349067,-.511405,.928846,.925924,.0555096,-.00362123,.330965,.885226,-.0483792,-.822607,1.33983,1.25142,.722327,-.0859394,-.466427,.93246723,.594959,1.277913,1.437329,1.4257694,1.717847,1.3882092,2.074027
985,2,.232922,-.432068,-.572756,1.06789,1.05022,.212669,-.118869,.253961,1.0582,-.137186,-.895981,1.48211,1.3638,.832358,-.207715,-.56143,1.186759,.796259,1.499958,1.622976,1.689825,1.92523,1.619296,2.259781
990,2,.388667,-.511117,-.624073,1.2071,1.16935,.365085,-.21749,.181874,1.23254,-.211668,-.952627,1.63225,1.47868,.943404,-.304878,-.648096,1.42459,.987476,1.718217,1.793423,1.937128,2.126776,1.843918,2.431307
995,2,.523028,-.584818,-.664043,1.33892,1.27837,.504092,-.29575,.115971,1.39885,-.271032,-.99268,1.78286,1.59127,1.05059,-.376058,-.726113,1.63467,1.162399,1.923738,1.942413,2.158918,2.317383,2.053892,2.58395
1000,2,.627804,-.65139,-.691872,1.45517,1.37188,.622049,-.351163,.0574052,1.54778,-.314912,-1.01683,1.92563,1.69634,1.14919,-.420938,-.794942,1.806333,1.3144748,2.10656,2.063752,2.346568,2.491282,2.240542,2.71317
1005,2,.697261,-.708709,-.707443,1.54758,1.44404,.713023,-.38259,.0072472,1.67076,-.343284,-1.02624,2.05195,1.78852,1.23497,-.440159,-.853842,1.93017,1.4367928,2.256289,2.151483,2.492109,2.642362,2.395234,2.81476
1010,2,.728599,-.754539,-.711371,1.60839,1.48895,.773422,-.390277,-.0335417,1.76068,-.356413,-1.02247,2.15363,1.86273,1.30448,-.435207,-.902016,1.998667,1.5224917,2.362929,2.200321,2.588837,2.764746,2.510043,2.8852
1015,2,.722041,-.786811,-.704953,1.63111,1.50129,.802342,-.375658,-.0641964,1.81254,-.354841,-1.00731,2.22365,1.91461,1.35529,-.408308,-.938777,2.006768,1.5654864,2.417921,2.206243,2.631958,2.853387,2.578491,2.92192
1020,2,.680575,-.803961,-.690046,1.6114,1.47708,.801501,-.341194,-.0842829,1.8239,-.339399,-.982754,2.25691,1.94093,1.38608,-.362315,-.963678,1.952594,1.5613629,2.415361,2.167126,2.619225,2.904608,2.596309,2.923684
1025,2,.609455,-.805208,-.668885,1.5478,1.41456,.774919,-.29014,-.0938502,1.79524,-.311247,-.950876,2.25074,1.94001,1.39673,-.30062,-.976592,1.83794,1.5084102,2.353008,2.083445,2.55136,2.916602,2.561987,2.890886
1030,2,.515567,-.790765,-.643845,1.44237,1.31491,.728541,-.226376,-.0935319,1.73001,-.271901,-.913788,2.20534,1.91196,1.38834,-.227028,-.97771,1.668746,1.4084419,2.233135,1.958755,2.432368,2.88967,2.477241,2.825748
1035,2,.406824,-.761947,-.617217,1.30092,1.18273,.669582,-.154175,-.0845718,1.6345,-.223242,-.873628,2.12393,1.85883,1.36324,-.145639,-.967511,1.455095,1.2673018,2.062867,1.799947,2.269569,2.826341,2.347172,2.732458
1040,2,.291645,-.721081,-.59105,1.13282,1.02597,.605709,-.0779982,-.0687484,1.51749,-.167488,-.832554,2.01261,1.78458,1.32493,-.0607002,-.946708,1.2108182,1.0947184,1.853901,1.61702,2.0733102,2.731288,2.180098,2.617134
1045,2,.178584,-.671278,-.567021,.950337,.855533,.544279,-.00226077,-.0482021,1.38952,-.107123,-.792731,1.87994,1.69486,1.27799,.0235599,-.91627,.95259777,.9037351,1.621615,1.422554,1.8563801,2.61113,1.987063,2.487591
1050,2,.0760039,-.616093,-.546318,.767539,.684187,.491806,.0688432,-.0252018,1.26214,-.0447637,-.756271,1.73628,1.59663,1.22784,.103133,-.87748,.6986958,.7093888,1.383632,1.230505,1.633147,2.47411,1.7810437,2.352901
1055,2,-.00822061,-.559145,-.529598,.598891,.525343,.453591,.131663,-.0018986,1.14691,.0169964,-.725127,1.59294,1.49759,1.18047,.174432,-.832042,.467228,.5272416,1.158036,1.054941,1.418508,2.329632,1.5759436,2.222717
1060,2,-.0670555,-.503683,-.516975,.457764,.391593,.433428,.183275,.0198872,1.05436,.0757718,-.700938,1.46118,1.40557,1.14188,.234482,-.782174,.274489,.3717058,.961447,.908568,1.226698,2.187744,1.3854082,2.106508
1065,2,-.0947327,-.452274,-.508032,.355056,.293348,.433501,.221702,.0387965,.993072,.129564,-.684843,1.35122,1.3278,1.11755,.281088,-.730628,.133354,.2545515,.80733,.80138,1.070132,2.058428,1.221656,2.012643
1070,2,-.0872525,-.406633,-.501901,.29813,.237794,.454558,.245925,.0539582,.968852,.17691,-.677314,1.2713,1.27031,1.11171,.312953,-.680612,.052205,.1838358,.704763,.739695,.958347,1.950922,1.09439,1.947624
1075,2,-.0428385,-.367622,-.497418,.290178,.228306,.495995,.255953,.0649311,.98421,.216976,-.678031,1.22694,1.23733,1.12687,.329728,-.635587,.034225,.1633749,.6578,.725724,.897212,1.872917,1.009964,1.915361
1080,2,.0376773,-.335313,-.493296,.330097,.26432,.555894,.252672,.0715884,1.03815,.249591,-.685889,1.22045,1.23093,1.16331,.331996,-.598964,.077425,.1927316,.66541,.757616,.888454,1.829894,.970859,1.916819
1085,2,.150728,-.309211,-.488363,.412827,.341687,.631122,.237654,.0739731,1.12631,.275211,-.699118,1.25073,1.25079,1.219,.321167,-.573717,.175173,.2677139,.722038,.83005,.929563,1.824507,.975519,1.949908
1090,2,.290159,-.288521,-.481757,.530074,.453371,.717476,.212936,.07218,1.24144,.294812,-.715508,1.31343,1.29429,1.28972,.299326,-.562023,.317138,.381191,.818595,.935128,1.014104,1.856313,1.018618,2.009798
1095,2,.447711,-.272405,-.473116,.671286,.590348,.809767,.180833,.0663061,1.3742,.309737,-.732721,1.40138,1.35672,1.36954,.26901,-.564966,.490453,.5240419,.943691,1.063464,1.13237,1.921686,1.091643,2.089441
1100,2,.613776,-.260124,-.462643,.824731,.74257,.902041,.143744,.0564542,1.51407,.321507,-.748629,1.50538,1.43179,1.45155,.232974,-.582399,.680987,.6861158,1.084855,1.205213,1.272406,2.014189,1.183873,2.180419
1105,2,.778342,-.251116,-.45107,.978589,.899863,.987974,.103992,.0427842,1.65044,.331631,-.761595,1.61503,1.51226,1.52869,.193949,-.612976,.874597,.8570788,1.229705,1.350933,1.421081,2.125236,1.283399,2.273855
1110,2,.931993,-.245013,-.439505,1.12191,1.05269,1.06147,.063694,.0255982,1.77354,.341427,-.770677,1.71981,1.59059,1.59457,.154424,-.654347,1.058216,1.0270918,1.366923,1.492195,1.565386,2.244937,1.378383,2.361267
1115,2,1.06682,-.241563,-.429228,1.24541,1.19278,1.11727,.0247167,.00543069,1.87531,.351888,-.775716,1.81,1.65972,1.64417,.116475,-.703499,1.2206933,1.18734931,1.486973,1.622008,1.693525,2.363219,1.458112,2.435436
1120,2,1.17708,-.240547,-.421437,1.3421,1.31352,1.15149,-.0114467,-.0169057,1.94997,.363604,-.777264,1.87761,1.71366,1.67432,.0816543,-.757129,1.3535467,1.3304257,1.582647,1.734957,1.7959557,2.470789,1.514006,2.490924
1125,2,1.25965,-.24171,-.417058,1.40762,1.41033,1.16216,-.0437243,-.0403385,1.99434,.376736,-.776424,1.917,1.74804,1.68383,.0509465,-.812031,1.4513443,1.4506685,1.64933,1.827388,1.8660535,2.560071,1.540264,2.524464
1130,2,1.31402,-.244719,-.416574,1.44038,1.48073,1.14947,-.07149,-.0636089,2.00788,.391058,-.7746,1.92531,1.76044,1.67345,.0247879,-.865402,1.51187,1.5443389,1.685099,1.897304,1.9005221,2.625842,1.534252,2.53504
1135,2,1.34206,-.249165,-.419986,1.44147,1.52436,1.11569,-.0945469,-.0853916,1.99252,.406038,-.773225,1.90254,1.75048,1.64551,.00314231,-.915042,1.5360169,1.6097516,1.690635,1.944346,1.89939769,2.665522,1.496502,2.523705
1140,2,1.34748,-.254585,-.426856,1.41433,1.54284,1.0648,-.113076,-.104455,1.95223,.420957,-.773505,1.85138,1.71975,1.60353,-.0143856,-.959412,1.527406,1.647295,1.668915,1.969696,1.8657656,2.679162,1.430423,2.493255
1145,2,1.33523,-.260502,-.436407,1.36426,1.5394,1.00188,-.127533,-.119813,1.89249,.435029,-.77624,1.77676,1.67152,1.55167,-.0284197,-.99761,1.491793,1.659213,1.624762,1.975807,1.8051797,2.66913,1.341731,2.44776
